sample_id,iou,dice,precision,recall,pseudo_area,gt_area,area_ratio
goose_001,0.8898341927806426,0.9417060990640332,0.9003628307218083,0.9870289411251205,0.1520703125,0.1387177734375,1.0962568727252249
goose_002,0.8329310168972903,0.908851461641193,0.8508468297426517,0.9753433746931193,0.168712890625,0.147177734375,1.1463207484573021
goose_003,0.05711409893730863,0.10805664023348861,0.05713468081272721,0.9937322567562585,0.23034423828125,0.01324365234375,17.392803155993068
goose_004,0.9203424795644554,0.9585191072513214,0.9331226017487576,0.9853367077172426,0.155244140625,0.147017578125,1.0559563189988443
goose_005,0.08277448393044358,0.15289330356211264,0.08292738138355668,0.9782109479305741,0.3235546875,0.02742919921875,11.795994659546063
goose_006,0.7801902744847652,0.8765245891600809,0.7921803433354241,0.9809693973288951,0.370560546875,0.29924560546875,1.2383157516867775
goose_007,0.9581258919871884,0.9786152115223216,0.9647846914465763,0.992848029187844,0.1906103515625,0.18522265625,1.02908766897948
goose_008,0.9066705162817555,0.95105106890715,0.9905584346522128,0.9145742512057405,0.2956611328125,0.32022509765625,0.9232915688884619
goose_009,0.9325913304871175,0.9651200600719388,0.9412380099255259,0.9902455802435165,0.1493544921875,0.141962890625,1.052067139024558
goose_010,0.9317267024726567,0.9646568546989841,0.9431133934223078,0.9872075552693711,0.27384521484375,0.26161376953125,1.046753828494639
goose_011,0.9326958713216218,0.9651760374319245,0.974062480344866,0.9564502719779567,0.403689453125,0.411123046875,0.9819188104230504
goose_012,0.8814452611000414,0.9369874099708635,0.9667824688545377,0.9089739395921927,0.1894619140625,0.20151123046875,0.940205236312531
goose_013,0.04107988632775497,0.07891783688696127,0.04107988632775497,1.0,0.30927734375,0.012705078125,24.34281322059954
goose_014,0.9574800862927315,0.9782782394543809,0.9733027161181083,0.9833048939220611,0.23156396484375,0.22920849609375,1.010276533331629
goose_015,0.34939769166185214,0.5178572541228391,0.3494442816024295,0.9996185580118281,0.406462890625,0.14209033203125,2.8605949807732625
goose_016,0.08585034081947368,0.1581255493361706,0.20450751751494228,0.12889286077896808,0.08161279296875,0.12949072265625,0.6302597691527431
goose_017,0.8799527314542497,0.9361434643875929,0.9658927865114512,0.9081719340207388,0.251833984375,0.26783984375,0.940240932226873
goose_018,0.48448823281889547,0.6527343526312775,0.48518939442309084,0.997026074330648,0.11471337890625,0.05582373046875,2.0549214096407673
goose_019,0.9178608276968933,0.9571714635822948,0.919305272258169,0.9982910809829585,0.144587890625,0.13314794921875,1.0859190207087246
goose_020,0.8259131335051049,0.9046576404427794,0.9130476954115152,0.8964203750083325,0.1510234375,0.15382470703125,0.9817892093844136
goose_021,0.0,0.0,0.0,0.0,0.246162109375,0.0,0.0
goose_022,0.8225340675354761,0.9026268229353307,0.9526293533970531,0.8576116723741014,0.267896484375,0.29757763671875,0.900257449884238
goose_023,0.9263592548966906,0.9617720604730821,0.9438387168658363,0.9804000858960379,0.18186669921875,0.17508447265625,1.0387368820296008
goose_024,0.9567774351947014,0.9779113536225964,0.9780932959283809,0.9777294789930676,0.2676923828125,0.2677919921875,0.9996280345271481
goose_025,0.8815853742587193,0.9370665677139779,0.9730087727276485,0.9036851255713373,0.29527099609375,0.317921875,0.9287533174423748
goose_026,0.7698046780805401,0.8699317926037349,0.7757834674754073,0.9900878939565927,0.10046484375,0.07871923828125,1.276242579876812
goose_027,0.06618754374677423,0.12415741327117616,0.06618894765123448,0.9996796411981419,0.13812109375,0.00914501953125,15.103422499866518
goose_028,0.7252058420066075,0.8407180457528616,0.7756340705857967,0.9177249630203024,0.15076123046875,0.1274189453125,1.1831932064655073
goose_029,0.002192346298297723,0.004375100860419426,0.0023304807230493823,0.03566804494006599,0.1789296875,0.01169091796875,15.305016079856324
goose_030,0.872021168021168,0.9316360123672571,0.9856678726891452,0.8832200848712612,0.28570263671875,0.31884228515625,0.8960625676695932
goose_031,0.9105765526174161,0.9531955695467542,0.9860133730075631,0.9224919695945689,0.30078955078125,0.32150146484375,0.9355775437210964
goose_032,0.92666235419747,0.9619353927569327,0.9544807965860598,0.9695073478858715,0.369349609375,0.363625,1.0157431677552424
goose_033,0.7312570761976857,0.8447700647713468,0.9632346287440572,0.7522532929607019,0.280587890625,0.359283203125,0.7809657901746642
goose_034,0.625464682283097,0.7695826173283337,0.6547368256791973,0.9332884752803396,0.25032421875,0.17561181640625,1.4254406330546388
goose_035,0.7584386108832376,0.8626273401745713,0.8466608057534631,0.8792076508794898,0.319916015625,0.3080732421875,1.0384414217651925
goose_036,0.2079743763057638,0.34433574152755225,0.2079743763057638,1.0,0.3178515625,0.06610498046875,4.808284644305415
goose_037,0.755542949822715,0.8607513133176424,0.9700793341769688,0.7735699196593423,0.28090234375,0.352259765625,0.7974295425184496
goose_038,0.7400109562776047,0.8505819501972629,0.7421122567752702,0.996188272600732,0.14220849609375,0.1059384765625,1.3423687097279708
goose_039,0.6803917855851824,0.8098013706348149,0.686468958022682,0.9871557930940981,0.19680224609375,0.1368564453125,1.43801956600852
goose_040,0.700025957331092,0.823547375041353,0.7004675266848895,0.9991002831461864,0.157912109375,0.1107119140625,1.42633347740564
goose_041,0.5969633786381109,0.7476231285243382,0.6095859354293212,0.9664760039313336,0.22291162109375,0.14059716796875,1.585463095126466
goose_042,0.9216804566528902,0.9592442421548462,0.9533197390433831,0.9652428426140403,0.290697265625,0.2871064453125,1.0125069303428265
goose_043,0.7891721454447873,0.8821645781307416,0.7937159821870361,0.9927981050013784,0.1085498046875,0.08678271484375,1.2508228727683972
goose_044,0.9159055425164896,0.9561072006853456,0.9629082887667813,0.9494015119064139,0.31919140625,0.323732421875,0.9859729353065743
goose_045,0.13650411347472421,0.2402175440568875,0.21636776976668826,0.2699764982373678,0.192875,0.154576171875,1.2477667007821285
goose_046,0.9262933711589352,0.9617365506497486,0.9535742019346017,0.9700398409795385,0.4627890625,0.45493359375,1.0172672866060466
goose_047,0.7555457031910952,0.8607531000961384,0.8796938668635069,0.842610772721844,0.1958017578125,0.2044189453125,0.9578454556311956
goose_048,0.9483723021765715,0.9735021393161081,0.9633599619689344,0.9838601409229653,0.23623779296875,0.2313154296875,1.0212798743598728
goose_049,0.9254869168476224,0.9613016933533003,0.9306703008457943,0.9940180672949562,0.2189140625,0.204962890625,1.068066818498013
goose_050,0.8263118551727626,0.9048967763444721,0.9510869213634334,0.8629853409615641,0.22643603515625,0.249552734375,0.9073674777531677
goose_051,0.9061551161378473,0.9507674464330603,0.9649881525566733,0.9369597849441267,0.1932939453125,0.199076171875,0.9709547028755874
goose_052,0.9070912804889536,0.9512824999717759,0.9961401258449016,0.910290793300978,0.3304228515625,0.3615849609375,0.9138180158427929
goose_053,0.09579192708635305,0.17483597883597884,0.09581167822822688,0.9978526084097223,0.37890185546875,0.03638134765625,10.414728422069818
goose_054,0.5927589740710064,0.7443172303163313,0.6551313241646393,0.8616122989523689,0.1573515625,0.11964306640625,1.31517493847667
goose_055,0.0,0.0,0.0,0.0,0.20126611328125,0.0,0.0
goose_056,0.6875982368195318,0.8148838056567158,0.99169390075588,0.6915811180458759,0.273119140625,0.3916396484375,0.6973735721463499
goose_057,0.926759660723623,0.9619878178013803,0.9721302682736226,0.9520548189399152,0.402384765625,0.41086962890625,0.9793490132044146
goose_058,0.7333657900296703,0.8461754515382667,0.8964821818377815,0.8012147219808077,0.217419921875,0.24327197265625,0.8937318980934164
goose_059,0.722513187700486,0.8389058416034816,0.7269531682182427,0.9916175100900342,0.15446533203125,0.11323828125,1.3640734416502813
goose_060,0.9282597266035751,0.9627953265804147,0.9786048831859878,0.9474884619512719,0.2818984375,0.29115625,0.9682032843189867
goose_061,0.9489243359086904,0.973792895316536,0.9628945167111546,0.9849408015228646,0.415609375,0.406306640625,1.0228958462522053
goose_062,0.730551992188248,0.8442993859600597,0.7396078659417129,0.983516129448003,0.1007607421875,0.0757724609375,1.3297805157814697
goose_063,0.8885295242529557,0.9409749891036845,0.9869413839916513,0.8990997812552582,0.26435791015625,0.290185546875,0.9109961299007235
goose_064,0.6555687393598102,0.7919559288287978,0.8832584614934371,0.7177608989699303,0.26694921875,0.3285009765625,0.8126283871159534
goose_065,0.7971317602164252,0.8871155447393886,0.9741377027883341,0.814366176815619,0.27663037109375,0.33090283203125,0.8359867136695446
goose_066,0.11198720824229094,0.20141815915186326,0.11276555442226431,0.9419432577500274,0.335107421875,0.04011767578125,8.353111573617653
goose_067,0.9175550298008145,0.9570051607813573,0.9524312246320364,0.9616232404787678,0.238193359375,0.23591650390625,1.0096511071970395
goose_068,0.9239984456246183,0.960498120698477,0.9410392292847666,0.9807787493812902,0.388640625,0.3728935546875,1.0422293979462764
goose_069,0.9262519706122627,0.9617142354619909,0.954218691946543,0.9693284687394564,0.173474609375,0.1707705078125,1.0158347105547583
goose_070,0.8840475589322193,0.938455671929271,0.8881614750998497,0.9947878327664004,0.211744140625,0.18904833984375,1.1200528965237582
goose_071,0.3874097603963346,0.5584648046380547,0.4093813871826754,0.8783207055166432,0.365990234375,0.17058642578125,2.1454827527972498
goose_072,0.318523881194155,0.4831522367356375,0.4146851643627224,0.5786990031382684,0.1181171875,0.084640625,1.3955141222078642
goose_073,0.8954967275885592,0.9448676059998324,0.9536181917324111,0.9362761541719611,0.282966796875,0.2882080078125,0.9818144853875476
goose_074,0.7045141188062816,0.8266450961399748,0.8195814569319919,0.8338315511134025,0.238970703125,0.23488671875,1.0173870382997123
goose_075,0.700884113084512,0.824140936696123,0.727001650330066,0.9512424544815063,0.15621875,0.119392578125,1.3084460730586136
goose_076,0.9036315818348901,0.9493765395128497,0.981150023548509,0.9195964030107512,0.26229931640625,0.2798564453125,0.9372638036381655
goose_077,0.8954290024734962,0.9448299053195658,0.899748519319357,0.9946671343479419,0.166203125,0.1503427734375,1.105494605426402
goose_078,0.7327121749350611,0.8457402049045125,0.9311824549071784,0.7746599471891883,0.31120703125,0.37408740234375,0.8319099475155032
goose_079,0.0,0.0,0.0,0.0,0.158591796875,0.0,0.0
goose_080,0.9614396842983036,0.9803408098600335,0.9704208766848305,0.9904656466844528,0.2471357421875,0.24213427734375,1.0206557489448287
goose_081,0.9555947462838792,0.9772932230460826,0.9809994344235092,0.9736149103667748,0.31339013671875,0.31576708984375,0.9924724482016913
goose_082,0.6994561170128126,0.8231529016968895,0.7215393706603634,0.9580778678430611,0.2974658203125,0.22402490234375,1.32782479626332
goose_083,0.8553207777027806,0.9220192949726148,0.8578912171199287,0.9965091801848025,0.118283203125,0.10182958984375,1.1615798836713067
goose_084,0.946099571783423,0.972303355389374,0.9496534302970973,0.9960601136355823,0.223451171875,0.21304052734375,1.04886696752516
goose_085,0.7176340532860814,0.8356076219065919,0.7202093913712171,0.9950419168303682,0.121912109375,0.08823974609375,1.3816008632376946
goose_086,0.8187289216955614,0.9003308980562955,0.9866196468248448,0.82792170917305,0.2597529296875,0.30954296875,0.8391498302689198
goose_087,0.901657870516002,0.9482861081329453,0.9308188203598576,0.966421498233039,0.20298828125,0.19551025390625,1.038248773117219
goose_088,0.9093078561326458,0.9524999891578231,0.9656814120692809,0.9396735698357581,0.27762890625,0.28531298828125,0.9730678856313566
goose_089,0.9205356313491695,0.9586238508915312,0.9743847009872494,0.9433647540894939,0.2185087890625,0.22569384765625,0.9681645792813394
goose_090,0.7589232408575984,0.86294071648922,0.9126819189801632,0.8183410929359548,0.161177734375,0.1797587890625,0.896633400878999
goose_091,0.9353822255984358,0.9666123964832921,0.9519167435120538,0.9817689059555861,0.281697265625,0.2731318359375,1.0313600560626701
goose_092,0.9098680982885017,0.9528072636051313,0.9780628265940199,0.9288231683148482,0.324056640625,0.34123583984375,0.9496559352422762
goose_093,0.9165978686603201,0.9564842825386334,0.9658472166365755,0.9473011343767921,0.17119189453125,0.17454345703125,0.9807981200956738
goose_094,0.9769675082628483,0.9883495850888363,0.9807246693280135,0.996093993923512,0.23031787109375,0.22676416015625,1.0156713959342223
goose_095,0.7098645472951579,0.8303167036454387,0.7155871156661786,0.9888599337989528,0.166748046875,0.1206669921875,1.381886163333684
goose_096,0.951283469948531,0.9750335967060931,0.9669664040026592,0.9832365275504026,0.3099501953125,0.3048212890625,1.0168259450177326
goose_097,0.2652196805920207,0.41924684647320587,0.2665214745308795,0.9819166489248456,0.27038525390625,0.073390625,3.6841933681073025
goose_098,0.18099896219726472,0.306518410245702,0.18133621577105208,0.989829175095527,0.142294921875,0.026068359375,5.458530006743088
goose_099,0.09711883088234148,0.17704341252484948,0.09871707106817779,0.8571153396348427,0.3081328125,0.03548876953125,8.68254426879102
goose_100,0.157693823500532,0.2724275111423008,0.17643739051391488,0.5974895013658418,0.324447265625,0.09580859375,3.3864108941166875
goose_101,0.925885763857182,0.9615168056518673,0.9362087671106392,0.9882311375348741,0.084611328125,0.0801572265625,1.0555670618048025
goose_102,0.9170679156053427,0.9567401427359081,0.9230087845039879,0.9930304426311513,0.265693359375,0.24695849609375,1.0758623962227964
goose_103,0.9629850730939533,0.9811435515158016,0.9914560755841234,0.9710433482423152,0.36941455078125,0.37718017578125,0.9794113649162098
goose_104,0.9648890263997394,0.9821308108862543,0.9925986742958554,0.9718814298210304,0.4050029296875,0.41363623046875,0.9791282771060302
goose_105,0.7153116610248629,0.8340311294770527,0.736467809972479,0.9613910819831586,0.162517578125,0.12449560546875,1.3054081508587385
goose_106,0.3294051121016886,0.49556769280196933,0.3295926769488571,0.9982753780130751,0.405611328125,0.13391748046875,3.028815407109235
goose_107,0.7227340731906422,0.8390547147559234,0.9276285551807679,0.76592135201846,0.250720703125,0.30365478515625,0.8256767730368155
goose_108,0.9775599602658223,0.9886526627839081,0.9873030682258236,0.9900059520507588,0.32657373046875,0.32568212890625,1.002737643497647
goose_109,0.011259972031214904,0.022269193565722066,0.011259972031214904,1.0,0.269552734375,0.00303515625,88.8101673101673
goose_110,0.719849557386824,0.8371075880387803,0.722686960285617,0.9945754119138149,0.15905810546875,0.115576171875,1.3762188424165611
goose_111,0.9652211166354605,0.9823028141362116,0.9827777624492681,0.9818283246592154,0.37163525390625,0.37199462890625,0.9990339242234313
goose_112,0.8845833648679331,0.9387574796192923,0.9304744719244241,0.9471892811799346,0.147203125,0.14460546875,1.0179637483454442
goose_113,0.8239888051373863,0.903502042135968,0.9485915757098383,0.8625044974686286,0.260361328125,0.28634814453125,0.9092474775808649
goose_114,0.6304666598065446,0.7733573158513399,0.6546651766832434,0.9446186065036681,0.10967333984375,0.0760087890625,1.4429033957318875
goose_115,0.8028364583848678,0.89063703438094,0.8238654825083938,0.9691863590213214,0.144265625,0.12263427734375,1.1763890824391312
goose_116,0.8562453149511983,0.92255620316403,0.9261574983491178,0.9189828062405135,0.17524365234375,0.17661181640625,0.9922532699660769
goose_117,0.8767882787078948,0.9343496958661036,0.9030705860325782,0.9678733394870972,0.0260791015625,0.0243330078125,1.0717582373479952
goose_118,0.5692976764306019,0.7255445349609904,0.588077113355995,0.946886282168232,0.122384765625,0.0760087890625,1.6101396579856875
goose_119,0.0,0.0,0.0,0.0,0.4149375,0.0,0.0
goose_120,0.0,0.0,0.0,0.0,0.34501953125,0.0,0.0
goose_121,0.8879782722637823,0.9406657749287031,0.9592286091745638,0.9228077511361511,0.341509765625,0.35498828125,0.9620310969772331
goose_122,0.6704777083528177,0.8027376899437292,0.9641946466998791,0.6875976376452657,0.2650234375,0.37163330078125,0.7131315652899403
goose_123,0.8804470429968438,0.9364231194659828,0.952204373680323,0.9211564348431754,0.261775390625,0.2705986328125,0.9673936187489398
goose_124,0.0,0.0,0.0,0.0,0.32311083984375,0.0,0.0
goose_125,0.8021577095886594,0.8902192136910715,0.8225378018455605,0.9700374334647804,0.10937353515625,0.09274267578125,1.1793226174994866
goose_126,0.9337329318983778,0.965731013311871,0.9432582471860087,0.9893007237917347,0.17547119140625,0.1673046875,1.0488121643707682
goose_127,0.48654901599278716,0.6546020491195804,0.48669674424462694,0.9993765413283826,0.217103515625,0.1057294921875,2.053386535139978
goose_128,0.800668809204106,0.8893015807365496,0.9444821915436881,0.8402128237062817,0.225654296875,0.25365771484375,0.8896015522886825
goose_129,0.9243805825242718,0.9607045414184466,0.9609062136674849,0.9605029538044355,0.3023828125,0.302509765625,0.9995803337960423
goose_130,0.776547642432576,0.8742210159579751,0.8571465855592696,0.8919895204826929,0.24321533203125,0.23371484375,1.0406499139242198
goose_131,0.0,0.0,0.0,0.0,0.05522021484375,0.0,0.0
goose_132,0.25825944937004197,0.41050269799180406,0.258347855853613,0.9986767315268714,0.18828515625,0.04870751953125,3.865628101410484
goose_133,0.8883382325923204,0.940867708188914,0.9479532221067697,0.9338873303364059,0.298869140625,0.30337060546875,0.9851618292523937
goose_134,0.8241646925689511,0.9036077673538226,0.9757002204865781,0.8414358298527441,0.28501416015625,0.33049267578125,0.8623917594618592
goose_135,0.9342186769469148,0.9659907518022118,0.9515761893627849,0.9808487374556306,0.28401171875,0.27553564453125,1.030762169566735
goose_136,0.0,0.0,0.0,0.0,0.138130859375,0.0,0.0
goose_137,0.21715380390935396,0.35682229018531864,0.21728890930223838,0.997144869637221,0.416734375,0.09081103515625,4.589027911453321
goose_138,0.9555496157877273,0.9772696208506234,0.970452506174672,0.9841831891290787,0.36514306640625,0.360048828125,1.0141487428462936
goose_139,0.9260321151038889,0.9615957157120814,0.9548240369651559,0.9684641309581127,0.1625263671875,0.1602373046875,1.014285453093861
goose_140,0.6939802447661055,0.819348687105765,0.7841753423474016,0.8578255322165252,0.09042578125,0.082662109375,1.0939205632871016
goose_141,0.7405523215815631,0.8509394545619356,0.7445064977701379,0.992879209752162,0.2647392578125,0.198513671875,1.3336071783468946
goose_142,0.9552585789369832,0.9771173892062187,0.9603231565469857,0.9945094758230184,0.2707666015625,0.261458984375,1.0355987659393278
goose_143,0.0,0.0,0.0,0.0,0.1324052734375,0.0,0.0
goose_144,0.8587873697646206,0.9240297020883774,0.9788063337393422,0.8750590472684887,0.14231201171875,0.1591845703125,0.8940063188245759
goose_145,0.40584302141729245,0.5773660575675713,0.406424952238558,0.9964843680390615,0.4702734375,0.19180517578125,2.4518287141340624
goose_146,0.0,0.0,0.0,0.0,0.01696630859375,0.00170849609375,9.930551586167477
goose_147,0.24223589611322718,0.3899998331575308,0.24298907820816085,0.9873656544797484,0.211375,0.05201904296875,4.063415778852021
goose_148,0.8986493570292444,0.9466196100951807,0.9801715265866209,0.9152886762749717,0.2989013671875,0.32008984375,0.9338045958776222
goose_149,0.38762417331563914,0.5586875477809471,0.3895729849886111,0.9872590645288044,0.355849609375,0.14041845703125,2.534208229448113
goose_150,0.9533116591928251,0.9760978538230463,0.9553916711045797,0.9977214488863024,0.21729931640625,0.208080078125,1.0443062034786037
goose_151,0.13156786691242287,0.23254083252013288,0.13362049434740253,0.8954490245198512,0.17241796875,0.025728515625,6.701434752903667
goose_152,0.3632060881229686,0.532870402043283,0.5849563414976068,0.4893017782207741,0.19505078125,0.233181640625,0.8364757222189649
goose_153,0.6451385016438197,0.7842968856411765,0.6469200897420944,0.9957493657050377,0.284669921875,0.18494482421875,1.5392154015529336
goose_154,0.8131317285053744,0.8969361858508387,0.9921133956619425,0.8184218649156775,0.28708935546875,0.348017578125,0.8249277436372309
goose_155,0.8780518346432044,0.9350666669006164,0.8827965040386437,0.9939161994710711,0.294759765625,0.2618056640625,1.125872378202761
goose_156,0.879274722256817,0.935759643700095,0.9801579108494294,0.8952092985450703,0.274333984375,0.3003662109375,0.9133317077135659
goose_157,0.5331792709362949,0.6955211057747845,0.53371813545431,0.998109952331886,0.459939453125,0.24594287109375,1.8701068710777045
goose_158,0.00939456547782574,0.018614258089211237,0.009437314756940944,0.6746846846846847,0.3874765625,0.005419921875,71.49117117117117
goose_159,0.2424146743075679,0.39023150534288775,0.2424146743075679,1.0,0.1654677734375,0.04011181640625,4.125162813911308
goose_160,0.0,0.0,0.0,0.0,0.202916015625,0.00063623046875,318.93476592478896
goose_161,0.9630774863801331,0.9811915149167386,0.9726184090761328,0.9899170993670271,0.240328125,0.23612841796875,1.0177856908006973
goose_162,0.8724208296005574,0.9318640508679563,0.9443066663844836,0.919745070150683,0.25378759765625,0.26056494140625,0.9739898095521863
goose_163,0.6026279788277927,0.7520497417854539,0.6049901012788765,0.9935627533538761,0.306818359375,0.18682470703125,1.6422793550730888
goose_164,0.9629827163471958,0.9811423282820912,0.9768899731007545,0.9854318659129961,0.25540185546875,0.25318798828125,1.0087439661041138
goose_165,0.8346211186704909,0.9098566566979478,0.9497997674719029,0.8731375188029451,0.17009033203125,0.1850244140625,0.9192858839363471
goose_166,0.2244254151367696,0.3665807853419982,0.22444879848743596,0.9995360022634036,0.38428125,0.08629150390625,4.453291837600792
goose_167,0.2143499770490131,0.35302833795888744,0.214350414342662,0.9999904825354525,0.478685546875,0.102607421875,4.66521366707909
goose_168,0.8388203851059952,0.9123461887852011,0.8398807946444474,0.9984970871379582,0.11239794921875,0.09454296875,1.1888557203652441
goose_169,0.6443348713773033,0.7837027391356179,0.7110882574169113,0.8728343063039509,0.293419921875,0.2390458984375,1.227462691445076
goose_170,0.5775374556497219,0.7322012590970252,0.5778019525173044,0.9992080144068272,0.3465078125,0.20037158203125,1.7293261299197538
goose_171,0.10134943340381898,0.18404591736264755,0.10234006647257363,0.9128174192807078,0.15161328125,0.016998046875,8.919453062162473
goose_172,0.3027405566401695,0.46477490103010527,0.3040773876449613,0.9856860209828441,0.36479296875,0.1125361328125,3.241563039648724
goose_173,0.869930296255896,0.9304414159155887,0.891077377687919,0.9734440668872396,0.238607421875,0.21841796875,1.0924349459000269
goose_174,0.6759583162627504,0.8066528978716869,0.9511888659763336,0.7002481200552829,0.264251953125,0.35894921875,0.7361819982370417
goose_175,0.9246237251649787,0.9608358382734994,0.9441994450350457,0.9780689986631421,0.21679296875,0.20928564453125,1.0358711856972542
goose_176,0.932735834124723,0.9651974342858196,0.952469654603934,0.9782699817809817,0.362525390625,0.35296435546875,1.0270878206484975
goose_177,0.810349937816966,0.8952412137447161,0.945990165804262,0.8496600254239141,0.280828125,0.3126669921875,0.8981700403846694
goose_178,0.2452637558837851,0.39391454978904,0.24530357142857143,0.9993386549564505,0.30078125,0.07383154296875,4.073885468265359
goose_179,0.8918475644468363,0.942832373186057,0.9437034655344733,0.941962887490865,0.252091796875,0.2525576171875,0.9981555879498412
goose_180,0.8913298386707696,0.942542987950952,0.9785395173176124,0.9091008283983159,0.21203125,0.2282265625,0.9290384417896143
goose_181,0.9656115037734009,0.9825049374402911,0.9731759416909099,0.9920145223632094,0.437056640625,0.4287568359375,1.0193578364047584
goose_182,0.883174797042496,0.9379636966568495,0.9930423009481247,0.8886738379874013,0.25173046875,0.28129443359375,0.8949002848508308
goose_183,0.6766741434654084,0.8071623769026876,0.7998588914357956,0.8146004672175521,0.305892578125,0.30035693359375,1.018430220554646
goose_184,0.5986691748130026,0.7489594273099428,0.6596443936021806,0.8662483855854158,0.25866357421875,0.19697119140625,1.3132051056403495
goose_185,0.93529807579527,0.9665674631655168,0.9375262988539887,0.9974653209825337,0.236724609375,0.22249951171875,1.0639331634769214
goose_186,0.8770784076452884,0.934514407147802,0.9719213313161876,0.8998801745554934,0.355029296875,0.38345166015625,0.925877584492219
goose_187,0.4344537318881427,0.6057410179640719,0.4386881691286082,0.9782653369598066,0.1801513671875,0.0807861328125,2.229978845572681
goose_188,0.7550167318446788,0.8604097250412981,0.7570931015555593,0.9963807037892766,0.345158203125,0.26226611328125,1.3160609992906627
goose_189,0.3309604932617053,0.49732579582529934,0.3321059685364245,0.9896859251824436,0.27834765625,0.093404296875,2.980030529243251
goose_190,0.0,0.0,0.0,0.0,0.222697265625,0.0,0.0
goose_191,0.8608631719574467,0.9252299523472244,0.9701123061922492,0.884316931082917,0.09665087890625,0.10602783203125,0.9115613990651408
goose_192,0.9212838748063495,0.9590294145358481,0.9483247243985301,0.9699785328780866,0.3380390625,0.33049267578125,1.0228337487386403
goose_193,0.7709169252937265,0.8706415465150757,0.9355823166220524,0.8141309739278279,0.29039453125,0.33371533203125,0.8701863635765068
goose_194,0.8534369438014029,0.9209236350398865,0.8619836134914542,0.9885155558749422,0.124673828125,0.10871533203125,1.146791586757632
goose_195,0.9540695322645888,0.976494967565365,0.979952066896419,0.9730621745682261,0.334939453125,0.33731103515625,0.9929691537362499
goose_196,0.6888784985069404,0.8157821881395803,0.6908304279287054,0.995915185143715,0.169740234375,0.11774267578125,1.4416203237163936
goose_197,0.6248190192416644,0.7690936797789085,0.6294993939735604,0.9882403699360577,0.13858203125,0.088275390625,1.5698829568334178
goose_198,0.8272714893056651,0.9054718952792455,0.9723470531020303,0.8472037258114199,0.27761083984375,0.31861767578125,0.8712976741263607
goose_199,0.8162471842226076,0.898828299708532,0.9912931317137711,0.8221414281778214,0.33805029296875,0.4076025390625,0.8293625789139524
goose_200,0.04709120110278818,0.08994670388442211,0.04709120110278818,1.0,0.300375,0.01414501953125,21.2353895543512
goose_201,0.6936837827926937,0.8191420262038376,0.7064404453102132,0.9746289024424207,0.04837744140625,0.0350654296875,1.3796334976466986
goose_202,0.30735597919512936,0.4701947810486205,0.30765294655900344,0.9968692802595605,0.4866640625,0.15019384765625,3.240239664235997
goose_203,0.685867143382811,0.8136668966767694,0.9943022396209614,0.6885734439652978,0.23249609375,0.33572509765625,0.6925192527251968
goose_204,0.9541562949198892,0.9765404102019434,0.9701283979838451,0.9830377460718801,0.34244873046875,0.33795166015625,1.0133068448618385
goose_205,0.04896460302571966,0.09335797010591612,0.04896460302571966,1.0,0.14107568359375,0.00690771484375,20.422916519403408
goose_206,0.6113537849206061,0.7588076444065677,0.6774233455188752,0.8624166755257365,0.1578779296875,0.12401220703125,1.2730837831772168
goose_207,0.9218086216123873,0.9593136499085895,0.9253311398982602,0.9958873143738199,0.32174609375,0.298951171875,1.076249648837407
goose_208,0.7621233216291657,0.8650056579746609,0.9802218728162124,0.7740259131116151,0.2794921875,0.353947265625,0.7896435843528068
goose_209,0.7443433273078601,0.8534367239007308,0.7692819755737484,0.9582650679755783,0.09095458984375,0.07301708984375,1.245661666856138
goose_210,0.29898070284519795,0.46033124616914045,0.29996048323360053,0.9891930634546825,0.17298828125,0.05245654296875,3.2977445988588023
goose_211,0.6737528183557855,0.8050804288026806,0.674977981595651,0.997313200096478,0.12862109375,0.08705029296875,1.4775492346266246
goose_212,0.769940366972477,0.8700184269930827,0.9154308901408758,0.828898634033601,0.1790556640625,0.197748046875,0.9054737424318746
goose_213,0.9483307168250085,0.9734802296505433,0.9774255219477609,0.9695666589637191,0.19282958984375,0.194392578125,0.9919596298566248
goose_214,0.7768530366641638,0.8744145077103457,0.7821078370484461,0.9914254608927238,0.13758642578125,0.1085380859375,1.267632689418137
goose_215,0.7900093700729968,0.8826874130170392,0.946008049073819,0.8273116674794789,0.290697265625,0.332404296875,0.8745292054221433
goose_216,0.6068604829443821,0.7553368688641616,0.6248781837885037,0.9546418213543435,0.250521484375,0.1639833984375,1.5277246767786847
goose_217,0.815643527860157,0.8984621874773415,0.8590696408043079,0.9416410366943829,0.19368359375,0.17669970703125,1.0961172319077266
goose_218,0.7362266077224614,0.8480766329093701,0.7421234539135162,0.9893224892966044,0.2514697265625,0.1886357421875,1.33309691814685
goose_219,0.42815409371288454,0.599590892324201,0.4338597121254768,0.9702001128619178,0.201232421875,0.08998828125,2.236206971393845
goose_220,0.4224930525108209,0.5940177377528626,0.9866166796894547,0.42492834253676537,0.12685595703125,0.29453955078125,0.4306924373815725
goose_221,0.9385405655757141,0.9682960287157913,0.9402950612213181,0.9980158589893134,0.21992919921875,0.20720947265625,1.0613858353068704
goose_222,0.020434143952994942,0.04004990243434311,0.020440519684068077,0.984965034965035,0.13458447265625,0.00279296875,48.186888111888116
goose_223,0.029056801414685245,0.05647268717283575,0.029056801414685245,1.0,0.34680859375,0.0100771484375,34.41535032464386
goose_224,0.9167081605222182,0.9565443288689873,0.9266213589973351,0.9884643674022947,0.167833984375,0.15733349609375,1.0667403225756396
goose_225,0.9380211272267599,0.9680195061330783,0.9438379019621526,0.9934727809959435,0.307876953125,0.2924951171875,1.0525883511677212
goose_226,0.9594869892416132,0.9793246849911126,0.9629634357540711,0.9962515160119476,0.2295029296875,0.22183447265625,1.0345683740648048
goose_227,0.7056704333147397,0.8274405413047639,0.9129156477676659,0.7566009746721059,0.15494921875,0.1869619140625,0.8287742427487216
goose_228,0.0015190572638556436,0.0030335064576917773,0.0015190572638556436,1.0,0.3818671875,0.000580078125,658.3030303030303
goose_229,0.9581981496279038,0.9786529006882989,0.9793462431613335,0.9779605392445859,0.148869140625,0.149080078125,0.9985850725150337
goose_230,0.529018527670378,0.6919713765357624,0.5314777135792133,0.9913293157649836,0.401248046875,0.21511962890625,1.865232145086423
goose_231,0.09322524011153568,0.17055083745052288,0.09326440930130042,0.9955152005293534,0.14178125,0.01328271484375,10.674116825350145
goose_232,0.4762325772946586,0.6451999293599138,0.991157401400504,0.47826458150331347,0.12418798828125,0.25736767578125,0.4825314131010132
goose_233,0.9467382423020004,0.9726405139937981,0.9593875122679938,0.9862647991952334,0.16865771484375,0.1640615234375,1.0280150477086174
goose_234,0.9211738691653197,0.9589698089798986,0.9582403373035348,0.9597003921401019,0.2288369140625,0.22848876953125,1.0015236833388539
goose_235,0.9117134862466926,0.9538181247407308,0.9915407629630406,0.9188605657640493,0.41894384765625,0.45208154296875,0.9266997385142294
goose_236,0.8279759374159217,0.9058936941876509,0.9881075808044786,0.8363098880809883,0.19921435546875,0.23537353515625,0.8463753384020164
goose_237,0.7751035218543009,0.8733051479100392,0.9857655832136988,0.7838770380028639,0.2727763671875,0.3430302734375,0.7951961920270566
goose_238,0.9218939043804242,0.9593598296755328,0.9675458925741881,0.9513111234052114,0.22649169921875,0.23035693359375,0.9832206727416479
goose_239,0.5950560231794759,0.7461255461025523,0.5980169919463335,0.991747914056053,0.105978515625,0.063904296875,1.6583942052018705
goose_240,0.7879790435749038,0.8814186568981371,0.8067723970389384,0.9712865126763983,0.426103515625,0.35393115234375,1.2039163910927901
goose_241,0.9306018308505443,0.9640536085481274,0.9605126254834566,0.9676207962786596,0.272189453125,0.27018994140625,1.0074003928804425
goose_242,0.20580798712380213,0.34136112767790366,0.20580798712380213,1.0,0.342201171875,0.070427734375,4.858897917302199
goose_243,0.9703198021669426,0.9849363551031587,0.9818182782056131,0.9880742999919974,0.2763173828125,0.27456787109375,1.0063718734161458
goose_244,0.4482249733541035,0.6189990942028986,0.46619244899554446,0.9208225138606217,0.06871240234375,0.03478759765625,1.9751982595269844
goose_245,0.9000960325506848,0.9474216219928608,0.9544354638414431,0.940510113105956,0.275236328125,0.2793115234375,0.985409856126427
goose_246,0.8252678714828723,0.9042704190179094,0.8292061137921495,0.9942779348043924,0.2541640625,0.21196728515625,1.1990721224392953
goose_247,0.9121474172954149,0.9540555388617235,0.9588488664372697,0.9493098970130772,0.3201328125,0.323349609375,0.9900516444686055
goose_248,0.6844976739484694,0.8127024270018778,0.6890605727446226,0.9904185721318142,0.19674658203125,0.1368818359375,1.437346165645266
goose_249,0.7873484906836212,0.8810240362051364,0.949416723519518,0.821822774374334,0.289146484375,0.33403857421875,0.8656080665272157
goose_250,0.701684370049596,0.8246939119845654,0.9883806599883596,0.7075206774890712,0.27768896484375,0.38792138671875,0.7158382454563649
goose_251,0.9398894265308423,0.9690134021831053,0.990627357295503,0.9483224741194445,0.34112744140625,0.35634521484375,0.9572948567748478
goose_252,0.950293123339862,0.974513125198834,0.9748333115439927,0.9741931491165641,0.1419248046875,0.14201806640625,0.9993433108821294
goose_253,0.594198457860534,0.7454510508785307,0.5945708278864166,0.9989471122004789,0.144923828125,0.08625830078125,1.6801145723067863
goose_254,0.040069131426604614,0.07705090020630462,0.043850843817183294,0.3172297835949617,0.24370166015625,0.03368701171875,7.234291429316867
goose_255,0.762897597515301,0.8655041547399687,0.866396660331477,0.8646134860588292,0.1176669921875,0.11790966796875,0.9979418500159434
goose_256,0.1631610318328005,0.28054762387578713,0.18335745192996533,0.5969841158771254,0.2726328125,0.083736328125,3.2558486693256827
goose_257,0.9789285477320426,0.9893520904066464,0.9914322849892572,0.9872806067553836,0.27612060546875,0.27728173828125,0.9958124439795517
goose_258,0.9425423033357221,0.970421392334359,0.96778907204994,0.9730680711363288,0.32914453125,0.32735888671875,1.0054547000362453
goose_259,0.8781609288368915,0.9351285242428288,0.8817732189845044,0.9953566615634254,0.12024609375,0.1065244140625,1.128812533805154
goose_260,0.8968322556330194,0.9456105071702553,0.9742464797791389,0.9186098586719973,0.39476171875,0.4186708984375,0.9428926639593767
goose_261,0.8922146405028663,0.943037456116242,0.9110138584974471,0.9773944375052402,0.243673828125,0.22712451171875,1.072864510664279
goose_262,0.9151694136458431,0.955705962224685,0.9624171957561142,0.9490876795430137,0.326388671875,0.33097265625,0.9861499604621794
goose_263,0.9511612940571572,0.974969416371883,0.9694725370834404,0.9805289853800656,0.281380859375,0.2782080078125,1.0114046018568896
goose_264,0.9290177326381386,0.9632028953591911,0.9453517918492846,0.9817411399149807,0.259802734375,0.2501728515625,1.0384929170066008
goose_265,0.8407782063799478,0.9135029994009024,0.8936290020754653,0.934281084868998,0.287021484375,0.27453271484375,1.0454910065576628
goose_266,0.6073019331918958,0.7556787192881327,0.6208621609325238,0.9652845744113226,0.24898828125,0.16014697265625,1.5547485982419713
goose_267,0.861849293342262,0.9257992002082298,0.9186596489646259,0.9330505936198505,0.2599453125,0.25593603515625,1.0156651537611823
goose_268,0.49642699437017823,0.6634830783430451,0.5020279798545048,0.9780199414359316,0.436279296875,0.22394677734375,1.9481383123693157
goose_269,0.42477939141336024,0.5962739129627435,0.48819068914544467,0.7658238762488672,0.20876171875,0.13307958984375,1.5686982428718714
goose_270,0.35179359514569275,0.5204841869483445,0.35216110317095034,0.9970423205352971,0.3225078125,0.11391162109375,2.8312108053889777
goose_271,0.1313497399790817,0.23220006216912256,0.13327749674594722,0.9008035189882909,0.26409375,0.03907373046875,6.75885682866176
goose_272,0.7628383200804459,0.8654660060324015,0.9534125652436315,0.7923742593358137,0.294494140625,0.354345703125,0.8310927380460245
goose_273,0.9299593967517401,0.9637087685025171,0.9371783675074199,0.9917850186135055,0.14033251953125,0.13260595703125,1.0582670844732802
goose_274,0.7729148027613798,0.8719142076737547,0.886593618356189,0.8577129763909934,0.21791015625,0.22524755859375,0.9674251637196053
goose_275,0.17953892763593904,0.30442221690092985,0.17953892763593904,1.0,0.309443359375,0.05555712890625,5.569822729629727
goose_276,0.9327861711495733,0.9652243844385282,0.9668610222344936,0.9635932780617613,0.15031982421875,0.15082958984375,0.9966202545168487
goose_277,0.4483068039950062,0.6190771219998383,0.4487464310819137,0.9978194799556177,0.1125302734375,0.05060791015625,2.2235708427806453
goose_278,0.6219771832570097,0.7669370317627392,0.6300636838999776,0.9797823198126938,0.095994140625,0.06173046875,1.555052838068721
goose_279,0.3679658906972799,0.5379752422185327,0.3681511183726068,0.9986345406594779,0.3395,0.125158203125,2.7125669075076857
goose_280,0.8534702472336178,0.9209430240463347,0.964313880126183,0.8813055402991488,0.2575625,0.28182177734375,0.9139197915349178
goose_281,0.8878377741098797,0.940586936320307,0.898856055204726,0.9863813229571985,0.15340625,0.1397939453125,1.097374064785643
goose_282,0.6875332597832435,0.8148381737632291,0.6983099557055473,0.978046528803545,0.0370390625,0.0264453125,1.4005908419497783
goose_283,0.13718448952236179,0.24127041968358495,0.1372685077449682,0.9955581468496598,0.461615234375,0.06364794921875,7.252633274773497
goose_284,0.02396313188030466,0.046804677110397784,0.02396313188030466,1.0,0.255662109375,0.00612646484375,41.730772296166414
goose_285,0.1156751309657007,0.20736346586048784,0.11569810615998256,0.9982862477778772,0.32942431640625,0.03817919921875,8.628371551713112
goose_286,0.03420245039473376,0.06614265975037942,0.03420708675780747,0.9960528239364553,0.29176611328125,0.01002001953125,29.11831782076897
goose_287,0.8792957332364794,0.9357715421640177,0.9349197300428475,0.9366249078850405,0.23897021484375,0.23853515625,1.0018238761974945
goose_288,0.2760847383220816,0.43270596384547977,0.2763404785939077,0.9966591354442172,0.164462890625,0.04560009765625,3.6066346143550096
goose_289,0.6171289500115893,0.7632402474857266,0.9942848983656494,0.6193258396218024,0.266734375,0.4282236328125,0.6228856946734443
goose_290,0.4653299933882436,0.6351197279628098,0.5120870746800346,0.8359668613866209,0.21273046875,0.13031201171875,1.632470145646529
goose_291,0.8813539741219963,0.9369358305188824,0.8978027911613224,0.9796357703434575,0.1410703125,0.1292861328125,1.0911480561073803
goose_292,0.23766800982317668,0.38405777306489786,0.23769211852944794,0.9995734174433485,0.47654296875,0.11331884765625,4.205328403934901
goose_293,0.9698107102410614,0.9846740148167616,0.9743949856305023,0.9951722260221666,0.150193359375,0.1470576171875,1.0213232217920538
goose_294,0.8992058309715665,0.9469282542288369,0.900092054246986,0.99890624050556,0.14268505859375,0.1285703125,1.1097823114783982
goose_295,0.44093279743309555,0.612010217573757,0.4439579751092662,0.9847813393933539,0.257845703125,0.11624169921875,2.2181859423765977
goose_296,0.0,0.0,0.0,0.0,0.365751953125,0.0,0.0
goose_297,0.1479324610744273,0.25773722076988287,0.1479807143439615,0.9978006117048696,0.4790234375,0.07104248046875,6.742774665796075
goose_298,0.9244700876596977,0.9607528779872321,0.9290092940478545,0.9947425192760977,0.13086962890625,0.1222216796875,1.0707562622348288
goose_299,0.0,0.0,0.0,0.0,0.370111328125,0.0,0.0
goose_300,0.6969472079589217,0.8214129522593762,0.6970430785455546,0.9998026940483482,0.1703828125,0.11878759765625,1.4343484998581866
goose_301,0.7366624766409173,0.8483657435448051,0.8798291100894544,0.819074991083352,0.2192109375,0.235470703125,0.9309478189464254
goose_302,0.8446904576467674,0.9158072609366898,0.9519261104864217,0.8823291237949205,0.241439453125,0.26048388671875,0.9268882469712506
goose_303,0.82947715824214,0.9067914890384816,0.9478337157511135,0.8691560888067009,0.246001953125,0.2682705078125,0.9169921626157134
goose_304,0.9369398704647414,0.967443424291675,0.9771064820370059,0.9579696198242882,0.406923828125,0.415052734375,0.9804147628078134
goose_305,0.8271026090769568,0.9053707273668719,0.9599508880859077,0.8566632187418746,0.38376953125,0.43004052734375,0.892403173301935
goose_306,0.7766693964229445,0.8742981648545881,0.7777041220427701,0.9982898615589059,0.2268671875,0.17673779296875,1.2836370970192756
goose_307,0.8972250025115625,0.9458287776345013,0.9731622714000617,0.9199887832068583,0.24197802734375,0.2559638671875,0.945360101027443
goose_308,0.943741862666246,0.9710567856697884,0.9525074897296522,0.9903428948466684,0.21774609375,0.20942724609375,1.0397218977540585
goose_309,0.9364898146576619,0.9672034498391794,0.9490691930366433,0.9860442034267877,0.394587890625,0.37979150390625,1.0389592357031832
goose_310,0.8594316264143635,0.9244025047284468,0.8656581770557583,0.991700152030869,0.14018359375,0.12236669921875,1.1456024771853939
goose_311,0.8654987636565489,0.9279006564014997,0.973010011328562,0.8867885811046624,0.27542041015625,0.30219921875,0.9113869033000273
goose_312,0.9165967982016464,0.9564836997136741,0.9400180069036849,0.9735365147376963,0.31346484375,0.30267236328125,1.035657303996141
goose_313,0.49781741783251254,0.6647237666028784,0.7397239128517245,0.6035320303905743,0.154998046875,0.189974609375,0.8158882251945675
goose_314,0.9402530399720608,0.9692066143966461,0.9628140752528939,0.9756846065653704,0.30038037109375,0.29641796875,1.0133676185706944
goose_315,0.5202925240984232,0.6844637013616462,0.9348042421313013,0.5398830428562339,0.13738671875,0.23788427734375,0.5775359358931991
goose_316,0.9405470273513675,0.9693627766755134,0.9464883590408546,0.9933702196114754,0.12614990234375,0.1201962890625,1.04953242173853
goose_317,0.15303258111941964,0.2654436372836026,0.15396780674656282,0.9618233439146787,0.2911494140625,0.04660693359375,6.246912028161047
goose_318,0.6024672189550477,0.7519245471341502,0.6056010706986051,0.9914838357391876,0.228384765625,0.139498046875,1.6371897007966623
goose_319,0.6497862892872786,0.7877217716095721,0.6739473244496429,0.9477127542403995,0.1870234375,0.132998046875,1.4062119098318526
goose_320,0.8998072353969606,0.9472616154227329,0.9573665595327199,0.9373677574172598,0.26616796875,0.2718466796875,0.9791106113783404
goose_321,0.0977510517736141,0.1780932965004765,0.0978532909841933,0.9894244430742836,0.368341796875,0.0364287109375,10.111304720799938
goose_322,0.8557732638264726,0.9222821349003907,0.8959399779182977,0.9502202232837886,0.155671875,0.146779296875,1.0605846894918232
goose_323,0.5281486493193698,0.6912267985900518,0.5285863682710659,0.9984345369785083,0.373525390625,0.19775,1.8888768173198482
goose_324,0.9570183285205708,0.9780371645717179,0.9881357875847278,0.9681428666865058,0.3150888671875,0.321595703125,0.9797670308580868
goose_325,0.8546558481699285,0.9216328183077799,0.8934742668827588,0.9516240049298541,0.14431298828125,0.13549462890625,1.0650827228074222
goose_326,0.9694908535220813,0.9845091199975067,0.9815468869353565,0.9874892867656061,0.3771435546875,0.3748740234375,1.0060541171383095
goose_327,0.5638660211079376,0.7211180670176089,0.5638660211079376,1.0,0.127876953125,0.07210546875,1.7734709355869767
goose_328,0.9622779597102312,0.9807764032087792,0.9921900605130419,0.9696223534981243,0.30541259765625,0.31252099609375,0.977254653202988
goose_329,0.8665841059818475,0.9285240383272342,0.9179335818834576,0.9393617171602985,0.1414453125,0.13821875,1.023343884241465
goose_330,0.43366406130885427,0.6049730519337194,0.4361533765583726,0.9870100109341138,0.16876611328125,0.07457666015625,2.262988352222506
goose_331,0.7471178971096656,0.8552575625785251,0.7679927447560033,0.9648959253322866,0.225052734375,0.179126953125,1.2563867717771746
goose_332,0.3820818635464166,0.5529077164300471,0.3824355745010657,0.9975851853931795,0.18144140625,0.0695576171875,2.6085052016791384
goose_333,0.0,0.0,0.0,0.0,0.17086279296875,0.0,0.0
goose_334,0.4778806675093826,0.6467107636163035,0.713853693381423,0.5911125009696687,0.1667890625,0.201421875,0.8280583352726708
goose_335,0.7878244362476862,0.8813219243173389,0.8570226494407455,0.9070393286173734,0.132884765625,0.12555712890625,1.058360977051501
goose_336,0.0,0.0,0.0,0.0,0.0207109375,0.0,0.0
goose_337,0.9599372557799848,0.9795591700183934,0.9948921593679427,0.9646916225808612,0.35350830078125,0.3645751953125,0.9696444117056184
goose_338,0.6476667999630872,0.7861623478455679,0.6493346286101987,0.9960498616268894,0.126662109375,0.082572265625,1.533954632542517
goose_339,0.7157725953544096,0.8343443615924636,0.988914474681659,0.7215621660946758,0.27375048828125,0.37518017578125,0.7296507277102537
goose_340,0.0,0.0,0.0,0.0,0.515068359375,0.0,0.0
goose_341,0.9286717136106678,0.9630168857219363,0.94504972306143,0.9816804673376854,0.15515625,0.14936669921875,1.0387606528866993
goose_342,0.0,0.0,0.0,0.0,0.15014111328125,0.0,0.0
goose_343,0.1925011193437035,0.32285272729915265,0.9952359617682198,0.19267866746080853,0.0326953125,0.1688798828125,0.1936009899787779
goose_344,0.9368452213555157,0.9673929656597522,0.9423379268452459,0.9938167315663862,0.163982421875,0.15548828125,1.0546288154754428
goose_345,0.8473769006889997,0.917383886713059,0.8935581357113218,0.9425150195098788,0.249466796875,0.2365087890625,1.0547886945929765
goose_346,0.9235028742751954,0.9602303033970615,0.9906123300792503,0.9316564503628549,0.27374462890625,0.2910673828125,0.9404854170231469
goose_347,0.8679525861665327,0.9293090120105999,0.9241138372204319,0.9345629294125002,0.2448671875,0.24212939453125,1.0113071482875933
goose_348,0.29206800883756606,0.4520938632329899,0.29208008341831343,0.9998584777711822,0.42519140625,0.12420751953125,3.4232340187988695
goose_349,0.517370948078786,0.6819307417660176,0.5219883568191888,0.9831898018863436,0.251287109375,0.13341162109375,1.8835473800173483
goose_350,0.6244636211504359,0.7688243836549498,0.992178183441639,0.627553031006604,0.24608154296875,0.3890615234375,0.6325003325811561
goose_351,0.937270995460441,0.9676199123991686,0.9827582176833454,0.9529409098214396,0.22978564453125,0.2369755859375,0.9696595690319496
goose_352,0.9153202061463735,0.9557881791348077,0.9526061236573719,0.9589915643370756,0.352947265625,0.35059716796875,1.0067031278942318
goose_353,0.924515457014248,0.9607773776455601,0.9338396098088875,0.989315414226741,0.1299443359375,0.12265771484375,1.0594061376655532
goose_354,0.0,0.0,0.0,0.0,0.218755859375,0.0,0.0
goose_355,0.6041541228959189,0.7532370041916698,0.8983728534567132,0.6484734387167733,0.0878046875,0.1216416015625,0.7218310707203699
goose_356,0.07264761844691833,0.135454770415851,0.07264761844691833,1.0,0.185794921875,0.01349755859375,13.765076149477263
goose_357,0.9413467217956291,0.9697873246721636,0.9770634276297823,0.9626187896270482,0.26282568359375,0.26676953125,0.9852162739958708
goose_358,0.861051784443,0.9253388773388773,0.9693752504631754,0.8851295812143035,0.1681455078125,0.1841494140625,0.9130928201348049
goose_359,0.5873072785944783,0.7400045177320985,0.5900602290549178,0.9921186559612359,0.11114794921875,0.06610498046875,1.6813854028940116
goose_360,0.906143645112076,0.9507611322322954,0.9105945620831786,0.9946347370183823,0.1656123046875,0.151619140625,1.0922915405325329
goose_361,0.9193737196371086,0.9579934436227796,0.9366099614170467,0.9803761392945323,0.3341015625,0.3191865234375,1.0467282857116633
goose_362,0.38243574312867284,0.5532781469656733,0.9009061221373516,0.3992295211804781,0.14069873046875,0.31750244140625,0.443142200247599
goose_363,0.597390017455856,0.7479576195265223,0.9788531981996781,0.6052006184985921,0.2378046875,0.3846259765625,0.618275160781705
goose_364,0.7771786582896576,0.8746207418871528,0.9940106942265547,0.7808351589426635,0.32618359375,0.41523486328125,0.7855399981890897
goose_365,0.9405976667473598,0.9693896708882451,0.9950282731397412,0.9450391243996217,0.377525390625,0.3974951171875,0.9497610770572555
goose_366,0.9424156511513648,0.9703542602663328,0.9640879653280161,0.9767025463590946,0.118521484375,0.11699072265625,1.0130844710075668
goose_367,0.922474883938002,0.9596743152746967,0.9246012328467804,0.9975131811360346,0.15866162109375,0.147064453125,1.0788577234152756
goose_368,0.8601475626250273,0.9248164822055225,0.9393684769149124,0.9107084669605036,0.165615234375,0.1708271484375,0.9694901301685847
goose_369,0.9187165110003344,0.9576365301837696,0.9610670296831019,0.9542304337056143,0.360119140625,0.36269921875,0.9928864524883954
goose_370,0.7718962449163574,0.8712657381954042,0.7784057179493268,0.9892823115027614,0.14394091796875,0.11325830078125,1.2709083305669682
goose_371,0.5016189874324879,0.668104215024839,0.5032665853969416,0.9935158361990541,0.14940283203125,0.07568017578125,1.9741343157432916
goose_372,0.9652921328834536,0.9823395888398416,0.9701721268444157,0.9948161247611935,0.21857177734375,0.2131572265625,1.0254016758829538
goose_373,0.9346251810418019,0.966208018173839,0.9506183709683974,0.9823175148637158,0.144185546875,0.13953271484375,1.0333458145386212
goose_374,0.5099844294267781,0.6754830308023494,0.5106812190574166,0.9973317009621573,0.1215078125,0.0622177734375,1.9529437616738083
goose_375,0.5770035361338438,0.7317720257602165,0.9878851298869422,0.5811155377474753,0.22630859375,0.38472021484375,0.588242013334061
goose_376,0.8974898460921905,0.9459759143802928,0.9491966404966222,0.9427769708922104,0.2995234375,0.30156298828125,0.9932367337488119
goose_377,0.9577501027094547,0.9784191571579677,0.9876432262412941,0.9693657897334339,0.22820068359375,0.23250341796875,0.9814938876486612
goose_378,0.9269327461166833,0.9620810565233436,0.9431110405839648,0.981829874604698,0.25847021484375,0.24827734375,1.0410543746754983
goose_379,0.7399340394368442,0.8505311381531854,0.9804315049865204,0.7510254771401526,0.18492236328125,0.241408203125,0.7660152425951247
goose_380,0.0,0.0,0.0,0.0,0.19900390625,0.00149072265625,133.4949230265313
goose_381,0.9065574818525772,0.950988879676145,0.9169331514966258,0.9876719094293747,0.16612890625,0.15423046875,1.0771471266114532
goose_382,0.26350790735182117,0.41710527622119253,0.26594419013479514,0.9664029022844975,0.26997705078125,0.074294921875,3.633856042482715
goose_383,0.7157089087390993,0.834301092794447,0.9575221458612595,0.7391781631929568,0.275384765625,0.35672998046875,0.7719697830362876
goose_384,0.6334230932761029,0.7755774923025817,0.9222130077977613,0.6691758807441229,0.24846875,0.3424228515625,0.7256196508679817
goose_385,0.8051739408710943,0.8920735255933888,0.8076855730943333,0.9961527540602042,0.150583984375,0.12209423828125,1.2333422649160766
goose_386,0.0,0.0,0.0,0.0,0.3325087890625,0.0,0.0
goose_387,0.9746382290517113,0.9871562443311612,0.9815533267520505,0.9928234944523832,0.4520791015625,0.446947265625,1.0114819718839174
goose_388,0.7379185836584939,0.8491981046719702,0.9212536595769432,0.7875965008971527,0.20147265625,0.2356630859375,0.8549181788421135
goose_389,0.88940342218324,0.9414648155506335,0.9374853095570146,0.9454782505629963,0.24928515625,0.247177734375,1.0085259373394966
goose_390,0.9529946332555287,0.9759316457177785,0.9683441726024569,0.983638961345375,0.3783984375,0.3725146484375,1.0157947857545453
goose_391,0.35715187248697283,0.526325578923594,0.3889361590721663,0.8137932923405595,0.149205078125,0.0713095703125,2.092356993193739
goose_392,0.8336394743892286,0.9092730452554285,0.9149734126844385,0.9036432656709462,0.277314453125,0.28079150390625,0.9876169658523183
goose_393,0.146946506544656,0.2562395119670469,0.146946506544656,1.0,0.383333984375,0.05632958984375,6.805197506999645
goose_394,0.8935203798218128,0.9437663194371283,0.8996220958078281,0.9924663885025499,0.15802099609375,0.14323828125,1.1032036597671058
goose_395,0.9653864050401854,0.9823884021630307,0.9719072438077438,0.993098084961602,0.40546484375,0.39681298828125,1.0218033575620207
goose_396,0.8676213201864806,0.9291191001180574,0.9589437789731733,0.901093652340285,0.33621484375,0.3577998046875,0.939673077920341
goose_397,0.9380959123281465,0.9680593270549284,0.9866672027782494,0.9501403235544236,0.3278818359375,0.34048681640625,0.962979534415481
goose_398,0.9189670547074101,0.9577726229880766,0.990485869296905,0.927151162076128,0.1859384765625,0.19864013671875,0.9360569300542017
goose_399,0.0,0.0,0.0,0.0,0.0939501953125,0.0,0.0
goose_400,0.6106928032080543,0.7582982949842741,0.6160541377974782,0.9859496874838576,0.226923828125,0.14178955078125,1.6004270193019612
goose_401,0.19532667255898165,0.32681722418328035,0.1953310873827062,0.9998843008421681,0.4104609375,0.08018505859375,5.118920465963135
goose_402,0.9731809911005569,0.9864082367403688,0.9907920728552492,0.9820630229814136,0.35767626953125,0.36085546875,0.9911898266922134
goose_403,0.8521027928807101,0.9201463289792601,0.9010268022108483,0.9400948687607794,0.248419921875,0.23809619140625,1.0433594943613995
goose_404,0.9608216100288508,0.9800194011679764,0.9690019788162378,0.9912902380334614,0.37926123046875,0.37073388671875,1.0230012525304142
goose_405,0.17427564486195996,0.2968223783308503,0.17617926661435532,0.9416199055414383,0.3995009765625,0.07474755859375,5.344669231723967
goose_406,0.9344669619657702,0.9661234648496471,0.9559527423761878,0.9765129345470022,0.302365234375,0.2959990234375,1.0215075403410723
goose_407,0.09981241514740109,0.18150807132691596,0.10022853560712569,0.9600658767288998,0.320912109375,0.03350244140625,9.578767871977613
goose_408,0.3535265320827983,0.5223784295366473,0.7497542404689985,0.4008222263893584,0.21855078125,0.40880810546875,0.5346048141570089
goose_409,0.9541966227879651,0.9765615308726256,0.9844236760124611,0.9688239734773336,0.29090625,0.29559033203125,0.9841534667285572
goose_410,0.7129056491560306,0.832393365632588,0.7134546508228218,0.9989217816553028,0.37409375,0.26718701171875,1.4001195177622767
goose_411,0.021838539855187022,0.04274362143021527,0.021838539855187022,1.0,0.2470859375,0.00539599609375,45.79060718487015
goose_412,0.9507400036638914,0.9747480462575289,0.9887429177296975,0.9611438181412437,0.412630859375,0.4244794921875,0.9720866778476397
goose_413,0.41614614940572225,0.5877163872956978,0.9400814183851741,0.42748483328011677,0.1168251953125,0.25691015625,0.45473171250893274
goose_414,0.7095873383958755,0.8301270399694105,0.9695109230658905,0.7257832107339249,0.299591796875,0.40019873046875,0.7486075643570638
goose_415,0.26950127487220776,0.4245781870511893,0.26950456275619755,0.9999547342333677,0.48028125,0.12944384765625,3.7103443593196554
goose_416,0.7471886337714885,0.8553039086095747,0.7489666695981004,0.9968328393251193,0.377552734375,0.2836728515625,1.330944192563369
goose_417,0.5798197409032116,0.7340327834765733,0.6975317789633142,0.7745648358077963,0.05930859375,0.05341015625,1.110436626928984
goose_418,0.7883301376283608,0.8816382624673818,0.8666730374301089,0.8971293907713792,0.26058984375,0.2517431640625,1.0351416878406423
goose_419,0.9066239576822818,0.9510254542111033,0.9268568734707872,0.9764882143480179,0.25065234375,0.23791259765625,1.0535480097281655
goose_420,0.5741519642157967,0.7294746343016825,0.6091317044925292,0.9090759657156275,0.155162109375,0.10396728515625,1.4924128214159915
goose_421,0.35870374765109486,0.5280087705229578,0.3636367762942878,0.9635591657378377,0.32270703125,0.1217861328125,2.649784698778757
goose_422,0.5745743454429679,0.7298154540696845,0.5840048731582889,0.9726639283625834,0.11542822265625,0.06930517578125,1.66550652754391
goose_423,0.0067010546924001465,0.013312898921016168,0.006719187419100984,0.712900650165393,0.454185546875,0.00428076171875,106.09923577050303
goose_424,0.0,0.0,0.0,0.0,0.346623046875,0.0,0.0
goose_425,0.62920624576679,0.7724083398301146,0.9781922478002288,0.6381579953917755,0.20820703125,0.3191474609375,0.6523850468319222
goose_426,0.3893950045191742,0.5605245495379214,0.96097152231126,0.3956521316605281,0.04137353515625,0.1004892578125,0.41172097452891615
goose_427,0.5131731677053731,0.6782742103252679,0.5495675743822491,0.8857023270367413,0.3873046875,0.24031787109375,1.6116349805250616
goose_428,0.8526768040023168,0.9204808978665774,0.9364441138805161,0.9050527979894202,0.349255859375,0.36136962890625,0.9664781748042454
goose_429,0.6962711442377034,0.8209432160689198,0.9900198900785082,0.7011927545248735,0.29237841796875,0.4128115234375,0.7082612799519303
goose_430,0.40436315112657034,0.5758669341362211,0.40495093341743593,0.9964232681578836,0.483041015625,0.19631005859375,2.4606024728698173
goose_431,0.8096383159231558,0.8948067785690454,0.8639928461136845,0.9278999296119111,0.0879111328125,0.0818564453125,1.073967144271722
goose_432,0.5221920539935916,0.686105347381862,0.9883633431873152,0.5254224104540635,0.1635205078125,0.307595703125,0.531608556788093
goose_433,0.726385872259999,0.841510445528719,0.8687739975952985,0.8159059785564362,0.20995654296875,0.22356103515625,0.9391464072529829
goose_434,0.7565063178896032,0.8613761421576052,0.7572262600960543,0.9987447970863683,0.198048828125,0.15015625,1.318951612903226
goose_435,0.1470381914726975,0.2563788940347544,0.1474032771961766,0.9834345581536593,0.21455078125,0.032158203125,6.671727907682963
goose_436,0.6834371567592233,0.811954463539233,0.9944103562818832,0.6860728039757746,0.25297900390625,0.366673828125,0.6899292627452234
goose_437,0.774254734201597,0.8727661471338911,0.9615206764433875,0.7990121937302183,0.280880859375,0.33800830078125,0.8309880518489948
goose_438,0.00023178132557726794,0.00046345523088677523,0.00023403418771414128,0.023512024721214563,0.3651142578125,0.00363427734375,100.4640601907833
goose_439,0.17711340206185566,0.30092835873182694,0.22928503336510964,0.4376910758480128,0.01280517578125,0.0067080078125,1.9089387101470376
goose_440,0.8348359317000742,0.9099842849998624,0.9879741208140487,0.843406494503912,0.13894189453125,0.1627578125,0.8536726587625403
goose_441,0.9273879460673705,0.9623261865465192,0.9951073260692164,0.9316359414046395,0.2716513671875,0.29015869140625,0.9362165436814781
goose_442,0.8799768749735152,0.9361571269177577,0.9214271225547991,0.9513657321810155,0.154060546875,0.14921240234375,1.0324915654134503
goose_443,0.8708175155718316,0.9309486449892027,0.9544183698723117,0.9086054866100588,0.19926904296875,0.20931640625,0.9519991602127461
goose_444,0.5049492224594596,0.6710515078166526,0.5049553309501775,0.999976043528908,0.322904296875,0.16305615234375,1.9803257481156737
goose_445,0.2886129779483738,0.4479436151696691,0.2886231027942621,0.9998784685468759,0.431478515625,0.1245498046875,3.4643050361066026
goose_446,0.6743814609357034,0.8055290585442044,0.9622539956941744,0.6927061202678508,0.244037109375,0.33899755859375,0.7198786633960709
goose_447,0.7076147126583898,0.8287756101102989,0.7099317817014447,0.9954087919383788,0.1216796875,0.08678271484375,1.4021189325441257
goose_448,0.971250802045459,0.9854157583983176,0.9789827691632305,0.9919338504247537,0.24914453125,0.2458916015625,1.0132291207460096
goose_449,0.6408015167634652,0.7810835256021303,0.6433930189447783,0.993753591043176,0.234955078125,0.15211865234375,1.544551404479054
goose_450,0.7696690710395788,0.869845197201127,0.7714505280457741,0.9970086848440032,0.320869140625,0.24827734375,1.2923818814015324
goose_451,0.7389319008709926,0.8498687044626393,0.7419220929374432,0.9945753210082648,0.15879296875,0.11845458984375,1.3405387580123251
goose_452,0.6316632417159004,0.7742568755200081,0.6326838568252923,0.9974526891773768,0.3795625,0.24075634765625,1.5765420255582892
goose_453,0.9642439627242059,0.9817965395570293,0.984491828156838,0.9791159686951508,0.28635986328125,0.28793212890625,0.9945394575069743
goose_454,0.6964429026667119,0.8210625911098373,0.9633932897943833,0.7153739984103457,0.270052734375,0.3636796875,0.7425565508796803
goose_455,0.6862376994492271,0.8139275971274651,0.6876140159040345,0.9970917340094431,0.360806640625,0.2488193359375,1.4500747671621055
goose_456,0.9493235451845142,0.9740030561162236,0.9822681526822025,0.9658758889358496,0.33966845703125,0.34543310546875,0.9833118240659724
goose_457,0.6181312439747754,0.7640063144153854,0.9427382083975221,0.6422444455077595,0.10427880859375,0.15306884765625,0.6812542864889867
goose_458,0.9786514315936775,0.989210546099508,0.9832813315890762,0.9952117010786745,0.26463330078125,0.2614609375,1.0121332207846536
goose_459,0.8482018293411578,0.9178671029056633,0.982812176779506,0.8609732500906083,0.292693359375,0.33411328125,0.8760303040931571
goose_460,0.9410307328964255,0.9696196118360373,0.9787165564221542,0.960690217907445,0.2472900390625,0.25193017578125,0.981581655693445
goose_461,0.1553134962805526,0.26886814147081817,0.1553134962805526,1.0,0.450283203125,0.06993505859375,6.4385904892234
goose_462,0.8634046200569306,0.926695802686753,0.962571904507982,0.8933978915649459,0.2069462890625,0.2229697265625,0.9281362642945677
goose_463,0.8967175063332332,0.9455467177785298,0.9013018555598123,0.9943597892247851,0.270197265625,0.24491064453125,1.10324835468931
goose_464,0.7766681606340712,0.8742973818553577,0.809715866672522,0.9500735818489862,0.27796630859375,0.2369013671875,1.1733419350583503
goose_465,0.0,0.0,0.0,0.0,0.173095703125,0.0,0.0
goose_466,0.9133054813176461,0.954688616361121,0.9294693659207592,0.9813145806782863,0.281134765625,0.26628173828125,1.0557793690232788
goose_467,0.9380655784483182,0.9680431755042734,0.9506798206107956,0.9860525837017077,0.205994140625,0.1986044921875,1.03720786149451
goose_468,0.847312805743143,0.9173463239240452,0.9607913123245533,0.8776603452620968,0.283177734375,0.31,0.9134765625
goose_469,0.8198097177411033,0.9009839982157235,0.9462742980561555,0.8598310208734676,0.368953125,0.4060458984375,0.9086488163524463
goose_470,0.02735627632036472,0.053255675661700246,0.02956944342941858,0.2676668635558181,0.187076171875,0.02066650390625,9.05214412285883
goose_471,0.6500859602614242,0.7879419326232321,0.867908908132827,0.721467688139938,0.11147314453125,0.134099609375,0.8312712098923666
goose_472,0.8357844224129739,0.9105474610296674,0.9787041879476424,0.8512655318201688,0.2632880859375,0.30270361328125,0.869788381722659
goose_473,0.8718270895645827,0.931525240151732,0.9937848875727158,0.8766066916494757,0.28227880859375,0.32001171875,0.8820889737924635
goose_474,0.8802064448549937,0.9362870202509889,0.9774752174663335,0.898429594643615,0.305587890625,0.33247412109375,0.919132862490766
goose_475,0.8510676989316325,0.9195424882869894,0.9676658213684102,0.875978871514254,0.321169921875,0.3547861328125,0.9052493662280038
goose_476,0.8914991202432399,0.942637626105368,0.893406520440008,0.9976109074432591,0.1323662109375,0.1185400390625,1.1166371462701323
goose_477,0.8163103529315213,0.8988665969050917,0.866574924758435,0.9336580245886427,0.2466015625,0.22888330078125,1.077411771231331
goose_478,0.9215245130960376,0.9591597784107789,0.9949839293580626,0.9258256541049503,0.26934912109375,0.28946923828125,0.9304930730914102
goose_479,0.8802732471753378,0.9363248118301299,0.9837833461394362,0.8932344330844971,0.307572265625,0.33875146484375,0.907958481498725
goose_480,0.7015992989086239,0.8246351527749423,0.9771539369414939,0.7132999416716166,0.1332158203125,0.1824931640625,0.7299770432325698
goose_481,0.9783155882391927,0.989038952182494,0.9844764775802631,0.9936439125017016,0.3294521484375,0.32641259765625,1.009311989803932
goose_482,0.7797494452501179,0.8762463135821182,0.8907629111261033,0.8621952774525601,0.12231494140625,0.12636767578125,0.9679290265493565
goose_483,0.8728572837557944,0.9321129712621584,0.8760773728601032,0.995806687545712,0.29594921875,0.2603662109375,1.1366652288880972
goose_484,0.9475820888868456,0.9730856473715497,0.9624453802440626,0.9839638104358921,0.3450703125,0.33752392578125,1.0223580793606935
goose_485,0.9319743119266055,0.9647895483633228,0.9693743761606037,0.9602478859180306,0.25584619140625,0.25827783203125,0.9905851748643074
goose_486,0.6222087353242786,0.7671130376448125,0.9331763967357187,0.6512244272133877,0.1866796875,0.26750390625,0.6978577999737153
goose_487,0.0,0.0,0.0,0.0,0.344833984375,0.0,0.0
goose_488,0.961515639569382,0.9803802938634399,0.9651711321679464,0.9960764615795316,0.286921875,0.27801953125,1.0320205695980216
goose_489,0.4962987216742384,0.6633685032075947,0.5112299074456633,0.9444222331836236,0.17372607421875,0.09404052734375,1.847353254238168
goose_490,0.7628988041451543,0.8655049312545094,0.9549952137843012,0.791349491947574,0.3060546875,0.3693447265625,0.8286423644069812
goose_491,0.9519281491741851,0.9753721207175823,0.9787681503008502,0.9719995760407418,0.27907568359375,0.28101904296875,0.9930845989849303
goose_492,0.20776179866315575,0.3440443287627123,0.7463617665321329,0.22354503504469214,0.050328125,0.168033203125,0.2995129775783711
goose_493,0.9460284712193109,0.9722658072176752,0.9596478458930469,0.9852200049179115,0.20997998046875,0.20452978515625,1.0266474406568038
goose_494,0.9387598128855196,0.9684127003729592,0.985608572012129,0.9518065708381506,0.3107861328125,0.3218232421875,0.9657044366964347
goose_495,0.8621308632880232,0.9259616284601304,0.9851530787188653,0.8734798945574763,0.23781103515625,0.26821484375,0.886643825641175
goose_496,0.8630459211565328,0.9264891555875072,0.9330762310046363,0.9199944314673892,0.29741015625,0.30163916015625,0.9859799241449309
goose_497,0.9051996664360737,0.9502412606751802,0.9435557798436979,0.9570221563234098,0.421859375,0.41592333984375,1.0142719453024203
goose_498,0.4367615149254242,0.6079805317559532,0.4373620558713134,0.9968660363327313,0.3561826171875,0.1562705078125,2.279269595865543
goose_499,0.6027841254894756,0.752171319771951,0.6081263467642902,0.9856357585117519,0.16858984375,0.10401806640625,1.6207746363171212
goose_500,0.8813195393324225,0.9369163726914298,0.9315138427063756,0.9423819346896739,0.324234375,0.3204951171875,1.0116671288015675
