id,lisa_traversable_area,hard_risk_area,overlap_area,overlap_over_a,overlap_over_b,iou
goose_001,0.1520703125,0.0,0.0,0.0,0.0,0.0
goose_002,0.168712890625,0.0183359375,0.0,0.0,0.0,0.0
goose_003,0.23034423828125,0.12577099609375,7.32421875e-06,3.179683939409682e-05,5.823456104706426e-05,2.0567413812224218e-05
goose_004,0.155244140625,0.06582958984375,5.859375e-06,3.774297037164955e-05,8.900822584287816e-05,2.650486916528104e-05
goose_005,0.3235546875,0.129560546875,0.004134765625,0.01277918628508524,0.03191377101029753,0.009209232723404548
goose_006,0.370560546875,0.160318359375,0.00066796875,0.0018025900372545679,0.0041665143817335324,0.0012598169950002952
goose_007,0.1906103515625,0.00727880859375,0.0,0.0,0.0,0.0
goose_008,0.2956611328125,0.02799609375,2.9296875e-05,9.908936870146835e-05,0.0010464629551931342,9.052641108029613e-05
goose_009,0.1493544921875,0.0002666015625,0.0,0.0,0.0,0.0
goose_010,0.27384521484375,0.0,0.0,0.0,0.0,0.0
goose_011,0.403689453125,0.034869140625,0.000146484375,0.0003628640130807016,0.004200974625877949,0.00033412483794796507
goose_012,0.1894619140625,0.1888017578125,0.00028564453125,0.0015076620156757993,0.0015129336429851269,0.0007557172919733061
goose_013,0.30927734375,0.0,0.0,0.0,0.0,0.0
goose_014,0.23156396484375,0.01507421875,0.0,0.0,0.0,0.0
goose_015,0.406462890625,0.0,0.0,0.0,0.0,0.0
goose_016,0.08161279296875,0.0,0.0,0.0,0.0,0.0
goose_017,0.251833984375,0.0019716796875,2.9296875e-06,1.1633408045642448e-05,0.0014858841006721436,1.1543167599075886e-05
goose_018,0.11471337890625,0.00172314453125,0.0,0.0,0.0,0.0
goose_019,0.144587890625,0.0035986328125,4.8828125e-07,3.3770549379183257e-06,0.0001356852102936655,3.2950557688080297e-06
goose_020,0.1510234375,0.009291015625,0.0,0.0,0.0,0.0
goose_021,0.246162109375,0.0,0.0,0.0,0.0,0.0
goose_022,0.267896484375,0.00478125,0.0,0.0,0.0,0.0
goose_023,0.18186669921875,0.0,0.0,0.0,0.0,0.0
goose_024,0.2676923828125,0.0008232421875,0.0,0.0,0.0,0.0
goose_025,0.29527099609375,0.2652548828125,1.953125e-05,6.614686257151526e-05,7.363200930695044e-05,3.484572490865206e-05
goose_026,0.10046484375,0.0,0.0,0.0,0.0,0.0
goose_027,0.13812109375,0.002974609375,0.0,0.0,0.0,0.0
goose_028,0.15076123046875,0.041166015625,0.00114697265625,0.007607875397939468,0.027862124590455686,0.006012008660962607
goose_029,0.1789296875,0.0,0.0,0.0,0.0,0.0
goose_030,0.28570263671875,0.01006005859375,0.0,0.0,0.0,0.0
goose_031,0.30078955078125,0.10503466796875,8.447265625e-05,0.0002808364054883537,0.0008042359525974764,0.00020819418620718547
goose_032,0.369349609375,0.106421875,0.0068203125,0.018465736329070497,0.06408750550462326,0.01454375830366741
goose_033,0.280587890625,0.0569453125,9.765625e-06,3.4804157008270826e-05,0.00017149128823667543,2.893317593668881e-05
goose_034,0.25032421875,0.138548828125,0.0,0.0,0.0,0.0
goose_035,0.319916015625,0.146220703125,0.008748046875,0.027344823165092493,0.05982768984091595,0.01912606807488534
goose_036,0.3178515625,0.031951171875,8.984375e-05,0.0002826594568005244,0.002811907818154416,0.0002569071727351292
goose_037,0.28090234375,0.03896435546875,0.0004189453125,0.0014914269026965773,0.010752014436136393,0.0013114673913854147
goose_038,0.14220849609375,0.0684423828125,0.00238818359375,0.016793536668634805,0.034893343796569214,0.011467169337076475
goose_039,0.19680224609375,0.0,0.0,0.0,0.0,0.0
goose_040,0.157912109375,0.0,0.0,0.0,0.0,0.0
goose_041,0.22291162109375,0.001302734375,0.0,0.0,0.0,0.0
goose_042,0.290697265625,0.002416015625,0.0,0.0,0.0,0.0
goose_043,0.1085498046875,0.05476416015625,0.0,0.0,0.0,0.0
goose_044,0.31919140625,0.02755859375,0.0,0.0,0.0,0.0
goose_045,0.192875,0.000109375,2.1484375e-05,0.00011139014905914422,0.19642856792091845,0.00011133941313894815
goose_046,0.4627890625,0.044638671875,0.000166015625,0.0003587284973903188,0.003719098665337165,0.0003272780477274302
goose_047,0.1958017578125,0.0,0.0,0.0,0.0,0.0
goose_048,0.23623779296875,0.00219580078125,9.765625e-07,4.133811477519023e-06,0.0004447409383044827,4.095758841711012e-06
goose_049,0.2189140625,0.034794921875,0.0,0.0,0.0,0.0
goose_050,0.22643603515625,0.1222646484375,5.078125e-05,0.0002242631123833686,0.0004153387806595287,0.0001456511235441601
goose_051,0.1932939453125,0.05399755859375,6.8359375e-06,3.536550246791751e-05,0.00012659715879690563,2.764400056072371e-05
goose_052,0.3304228515625,0.1025205078125,1.7578125e-05,5.319887809469223e-05,0.00017145959745015069,4.06030912486346e-05
goose_053,0.37890185546875,0.06790185546875,0.0224443359375,0.05923522308885124,0.3305408340081075,0.052889925991323215
goose_054,0.1573515625,0.14290625,0.004458984375,0.028337719080130858,0.031202164880395775,0.01507438147485243
goose_055,0.20126611328125,0.12421337890625,0.0,0.0,0.0,0.0
goose_056,0.273119140625,0.08093798828125,2.392578125e-05,8.76019937497093e-05,0.0002956063247670103,6.758061401805702e-05
goose_057,0.402384765625,0.0,0.0,0.0,0.0,0.0
goose_058,0.217419921875,0.3073388671875,8.740234375e-05,0.0004019978619992948,0.0002843842841931837,0.00016658492527394232
goose_059,0.15446533203125,0.03277294921875,0.0,0.0,0.0,0.0
goose_060,0.2818984375,0.01142041015625,0.0,0.0,0.0,0.0
goose_061,0.415609375,0.0543125,6.25e-05,0.00015038159329227422,0.0011507479861496423,0.00013301852282875104
goose_062,0.1007607421875,0.0,0.0,0.0,0.0,0.0
goose_063,0.26435791015625,0.06228662109375,0.0001142578125,0.00043220879009164636,0.0018343877142914923,0.00034991491385162127
goose_064,0.26694921875,0.103576171875,0.017591796875,0.06589941321890941,0.16984405347495155,0.04984449535672076
goose_065,0.27663037109375,0.05083154296875,2.05078125e-05,7.41343490914586e-05,0.0004034465865498262,6.263048016692121e-05
goose_066,0.335107421875,0.00023828125,1.953125e-06,5.8283549467822915e-06,0.008196721244289171,5.824247507188144e-06
goose_067,0.238193359375,0.1647421875,0.0,0.0,0.0,0.0
goose_068,0.388640625,0.02023828125,7.2265625e-05,0.00018594459855975383,0.003570739239184449,0.00017677214070977945
goose_069,0.173474609375,0.03731396484375,0.00050048828125,0.002885080894845458,0.013412894698786784,0.002380012538597116
goose_070,0.211744140625,0.02219140625,0.00045703125,0.0021584127364600333,0.02059496567324459,0.0019574873892475595
goose_071,0.365990234375,0.071421875,0.002314453125,0.006323811150152765,0.03240538175365332,0.005319387709272706
goose_072,0.1181171875,0.0,0.0,0.0,0.0,0.0
goose_073,0.282966796875,0.0,0.0,0.0,0.0,0.0
goose_074,0.238970703125,0.02084375,5.859375e-06,2.451921898109462e-05,0.0002811094452707761,2.2552660462136804e-05
goose_075,0.15621875,0.0075234375,0.0,0.0,0.0,0.0
goose_076,0.26229931640625,0.00549755859375,8.7890625e-06,3.350775983865361e-05,0.0015987210230394599,3.282096165411662e-05
goose_077,0.166203125,0.00499609375,0.0,0.0,0.0,0.0
goose_078,0.31120703125,0.044375,0.0,0.0,0.0,0.0
goose_079,0.158591796875,0.032728515625,0.0,0.0,0.0,0.0
goose_080,0.2471357421875,0.0003310546875,0.0,0.0,0.0,0.0
goose_081,0.31339013671875,0.07769873046875,0.00091259765625,0.00291201779929527,0.011745335486675767,0.002338936853707773
goose_082,0.2974658203125,0.0,0.0,0.0,0.0,0.0
goose_083,0.118283203125,0.0,0.0,0.0,0.0,0.0
goose_084,0.223451171875,0.0064140625,0.0,0.0,0.0,0.0
goose_085,0.121912109375,0.021013671875,0.0,0.0,0.0,0.0
goose_086,0.2597529296875,0.0,0.0,0.0,0.0,0.0
goose_087,0.20298828125,0.0728828125,0.0,0.0,0.0,0.0
goose_088,0.27762890625,0.001369140625,0.0,0.0,0.0,0.0
goose_089,0.2185087890625,0.0,0.0,0.0,0.0,0.0
goose_090,0.161177734375,0.0336640625,0.0,0.0,0.0,0.0
goose_091,0.281697265625,0.05477734375,0.0,0.0,0.0,0.0
goose_092,0.324056640625,0.011283203125,2.34375e-05,7.232531928571318e-05,0.002077202700003946,6.989666942329483e-05
goose_093,0.17119189453125,0.00390869140625,0.0,0.0,0.0,0.0
goose_094,0.23031787109375,0.0,0.0,0.0,0.0,0.0
goose_095,0.166748046875,0.0,0.0,0.0,0.0,0.0
goose_096,0.3099501953125,0.000974609375,4.19921875e-05,0.00013548043567966205,0.04308617232310312,0.00013507400799114312
goose_097,0.27038525390625,0.0,0.0,0.0,0.0,0.0
goose_098,0.142294921875,0.0,0.0,0.0,0.0,0.0
goose_099,0.3081328125,0.21217578125,0.0,0.0,0.0,0.0
goose_100,0.324447265625,0.00623046875,0.0001640625,0.0005056676920453314,0.026332288392999285,0.000496386425010215
goose_101,0.084611328125,0.02979150390625,0.0,0.0,0.0,0.0
goose_102,0.265693359375,0.04275,0.0,0.0,0.0,0.0
goose_103,0.36941455078125,0.06970068359375,0.00015478515625,0.00041900124378547267,0.0022207121690668054,0.00035261754567025405
goose_104,0.4050029296875,0.0050546875,3.662109375e-05,9.042179961071557e-05,0.0072449768153743255,8.931516702521032e-05
goose_105,0.162517578125,0.000435546875,0.0,0.0,0.0,0.0
goose_106,0.405611328125,0.0008984375,0.00037109375,0.0009148998666128244,0.41304347736294894,0.0009137119306689154
goose_107,0.250720703125,0.0,0.0,0.0,0.0,0.0
goose_108,0.32657373046875,0.02610498046875,0.0,0.0,0.0,0.0
goose_109,0.269552734375,0.00153515625,0.0,0.0,0.0,0.0
goose_110,0.15905810546875,0.07594384765625,0.00101708984375,0.006394454660134905,0.013392656220780202,0.004346818975744318
goose_111,0.37163525390625,0.05975048828125,0.00013330078125,0.0003586871262849885,0.002230957186850992,0.0003091015109738859
goose_112,0.147203125,0.036884765625,0.0,0.0,0.0,0.0
goose_113,0.260361328125,0.0,0.0,0.0,0.0,0.0
goose_114,0.10967333984375,0.0,0.0,0.0,0.0,0.0
goose_115,0.144265625,0.050291015625,0.0,0.0,0.0,0.0
goose_116,0.17524365234375,0.0378017578125,8.88671875e-05,0.0005071064561324854,0.0023508744736062564,0.00041730198218345856
goose_117,0.0260791015625,0.01856201171875,0.00038916015625,0.014922299194627928,0.020965408390872933,0.008794191640455553
goose_118,0.122384765625,0.0,0.0,0.0,0.0,0.0
goose_119,0.4149375,0.00045703125,0.0,0.0,0.0,0.0
goose_120,0.34501953125,0.111447265625,0.0,0.0,0.0,0.0
goose_121,0.341509765625,0.0312265625,0.0004453125,0.0013039524629185433,0.014260695520749269,0.0011961408718125408
goose_122,0.2650234375,0.00875,0.0,0.0,0.0,0.0
goose_123,0.261775390625,0.0477734375,9.765625e-06,3.7305359287636964e-05,0.00020441537202761997,3.154892607435735e-05
goose_124,0.32311083984375,0.01571240234375,0.00616162109375,0.019069682393572207,0.3921501600300771,0.018522188022418434
goose_125,0.10937353515625,0.0009853515625,0.0009853515625,0.00900904922829766,0.9999999995044598,0.00900904922829766
goose_126,0.17547119140625,0.2220791015625,0.000921875,0.0052537114076071575,0.004151110993838962,0.0023242787410948924
goose_127,0.217103515625,0.0,0.0,0.0,0.0,0.0
goose_128,0.225654296875,7.8125e-05,0.0,0.0,0.0,0.0
goose_129,0.3023828125,0.07898095703125,0.0107177734375,0.03544438703004223,0.13570072888826976,0.02891646894999767
goose_130,0.24321533203125,0.0209287109375,0.0,0.0,0.0,0.0
goose_131,0.05522021484375,0.01970703125,0.001796875,0.03254016676806695,0.0911793855279688,0.024570844822932536
goose_132,0.18828515625,0.00237890625,0.0,0.0,0.0,0.0
goose_133,0.298869140625,0.038900390625,0.0,0.0,0.0,0.0
goose_134,0.28501416015625,0.101708984375,5.37109375e-06,1.884500667281326e-05,5.280844935164278e-05,1.388892396191166e-05
goose_135,0.28401171875,0.00018359375,0.0,0.0,0.0,0.0
goose_136,0.138130859375,0.425267578125,3.3203125e-05,0.0002403744185026035,7.807584379284147e-05,5.8937121025440254e-05
goose_137,0.416734375,0.0,0.0,0.0,0.0,0.0
goose_138,0.36514306640625,0.20038623046875,0.005107421875,0.013987454082753325,0.025487888379556355,0.009113530543388496
goose_139,0.1625263671875,0.002138671875,0.0,0.0,0.0,0.0
goose_140,0.09042578125,0.005109375,7.421875e-05,0.0008207697956537913,0.0145259938782393,0.0007774776986501048
goose_141,0.2647392578125,0.0,0.0,0.0,0.0,0.0
goose_142,0.2707666015625,0.00231640625,0.0,0.0,0.0,0.0
goose_143,0.1324052734375,0.35306298828125,0.00031396484375,0.0023712412322991405,0.0008892601438569975,0.0006471443121745184
goose_144,0.14231201171875,0.10306982421875,0.0,0.0,0.0,0.0
goose_145,0.4702734375,0.0,0.0,0.0,0.0,0.0
goose_146,0.01696630859375,0.72734033203125,0.01416259765625,0.834748323572258,0.019471761749672915,0.019396991309626674
goose_147,0.211375,0.0,0.0,0.0,0.0,0.0
goose_148,0.2989013671875,0.00998193359375,9.765625e-06,3.267173078488496e-05,0.0009783299906580085,3.1616904293999874e-05
goose_149,0.355849609375,0.013837890625,0.0059921875,0.016839100963161234,0.4330275228746609,0.016475844736018753
goose_150,0.21729931640625,0.02462548828125,0.0,0.0,0.0,0.0
goose_151,0.17241796875,0.004314453125,0.00117578125,0.006819366093400175,0.2725215028191392,0.006697446737423403
goose_152,0.19505078125,2.34375e-05,0.0,0.0,0.0,0.0
goose_153,0.284669921875,0.124779296875,0.003498046875,0.012288080356139661,0.028033872305351107,0.008616915327098216
goose_154,0.28708935546875,0.03991796875,1.953125e-06,6.803195460896418e-06,4.892846658125883e-05,5.972761222436121e-06
goose_155,0.294759765625,0.061126953125,0.0,0.0,0.0,0.0
goose_156,0.274333984375,0.29307080078125,0.000310546875,0.0011320029332382903,0.0010596308952363933,0.0005476107038945388
goose_157,0.459939453125,0.0,0.0,0.0,0.0,0.0
goose_158,0.3874765625,0.000251953125,0.000251953125,0.0006502409419891816,0.9999999922480621,0.0006502409419891816
goose_159,0.1654677734375,0.0,0.0,0.0,0.0,0.0
goose_160,0.202916015625,0.406439453125,7.8125e-06,3.85011502214923e-05,1.9221805215744475e-05,1.2821088125708136e-05
goose_161,0.240328125,0.0,0.0,0.0,0.0,0.0
goose_162,0.25378759765625,0.02627392578125,0.0,0.0,0.0,0.0
goose_163,0.306818359375,0.003298828125,0.001888671875,0.006155667733949394,0.5725281228108181,0.006127505338558119
goose_164,0.25540185546875,0.0,0.0,0.0,0.0,0.0
goose_165,0.17009033203125,0.0008984375,0.0,0.0,0.0,0.0
goose_166,0.38428125,0.0072578125,0.00073828125,0.0019212002927445656,0.10172228199630724,0.0018891498825434096
goose_167,0.478685546875,0.00300390625,0.000537109375,0.0011220505371516154,0.17880364097607043,0.0011162979500665058
goose_168,0.11239794921875,0.05082568359375,6.8359375e-06,6.0819058955125004e-05,0.00013449769912735494,4.1882561297994774e-05
goose_169,0.293419921875,0.018162109375,0.003595703125,0.012254461462599233,0.1979782772128209,0.011674879033973993
goose_170,0.3465078125,0.0,0.0,0.0,0.0,0.0
goose_171,0.15161328125,0.00414111328125,0.0,0.0,0.0,0.0
goose_172,0.36479296875,8.203125e-05,0.0,0.0,0.0,0.0
goose_173,0.238607421875,0.096318359375,0.01506640625,0.06314307464320854,0.15642299502876564,0.047103219187832154
goose_174,0.264251953125,0.0015703125,0.0,0.0,0.0,0.0
goose_175,0.21679296875,0.00309375,3.90625e-06,1.8018342672678623e-05,0.00126262626182915,1.7765144785772205e-05
goose_176,0.362525390625,0.0377734375,9.765625e-06,2.693776836737223e-05,0.00025853154083461575,2.439643226562642e-05
goose_177,0.280828125,0.037572265625,1.953125e-05,6.95487675953545e-05,0.0005198315745428169,6.134555336718782e-05
goose_178,0.30078125,0.0026015625,0.0014296875,0.004753246753215888,0.5495495491369747,0.00473479948250495
goose_179,0.252091796875,0.17782421875,1.5625e-05,6.198139008714598e-05,8.786767128607663e-05,3.634562875649634e-05
goose_180,0.21203125,0.144126953125,6.8359375e-06,3.2240235814221994e-05,4.7429973032511785e-05,1.9193910594738136e-05
goose_181,0.437056640625,0.0215703125,0.0,0.0,0.0,0.0
goose_182,0.25173046875,0.0104091796875,0.0,0.0,0.0,0.0
goose_183,0.305892578125,0.17583203125,0.043826171875,0.14327308018833668,0.24925021660132352,0.10008296016083529
goose_184,0.25866357421875,0.17111328125,3.466796875e-05,0.00013402725472515159,0.0002026024426429557,8.067155089343098e-05
goose_185,0.236724609375,0.00139453125,0.0,0.0,0.0,0.0
goose_186,0.355029296875,0.0902421875,0.0002734375,0.0007701829184388932,0.0030300406890522457,0.0006144689890641441
goose_187,0.1801513671875,0.269638671875,0.0019482421875,0.010814473505865795,0.007225381188643611,0.004350291109701095
goose_188,0.345158203125,0.0,0.0,0.0,0.0,0.0
goose_189,0.27834765625,0.00247265625,0.002341796875,0.008413208526822535,0.9470774084146307,0.008409255090030163
goose_190,0.222697265625,0.09298974609375,0.00458740234375,0.02059927557199858,0.04933234616105957,0.01474576696820322
goose_191,0.09665087890625,0.03007177734375,0.0,0.0,0.0,0.0
goose_192,0.3380390625,0.10187109375,5.859375e-06,1.7333425778170667e-05,5.751754284946667e-05,1.3319658483897333e-05
goose_193,0.29039453125,0.027904296875,0.0,0.0,0.0,0.0
goose_194,0.124673828125,0.0023515625,0.0,0.0,0.0,0.0
goose_195,0.334939453125,0.1444912109375,5.517578125e-05,0.00016473359807310566,0.0003818625430004871,0.00011509929606073668
goose_196,0.169740234375,0.027953125,0.001607421875,0.009469893104013832,0.0575041922821755,0.008197537750426337
goose_197,0.13858203125,0.0,0.0,0.0,0.0,0.0
goose_198,0.27761083984375,0.00464013671875,0.0,0.0,0.0,0.0
goose_199,0.33805029296875,0.052529296875,0.0,0.0,0.0,0.0
goose_200,0.300375,0.00825,0.000130859375,0.0004356533499763599,0.015861742420487275,0.0004241875542078507
goose_201,0.04837744140625,0.0,0.0,0.0,0.0,0.0
goose_202,0.4866640625,0.0,0.0,0.0,0.0,0.0
goose_203,0.23249609375,0.06140869140625,3.61328125e-05,0.00015541255733430624,0.0005883989981267571,0.00012295565454757644
goose_204,0.34244873046875,0.1295234375,0.00581005859375,0.01696621443387687,0.04485719886586624,0.012463601131232363
goose_205,0.14107568359375,0.0,0.0,0.0,0.0,0.0
goose_206,0.1578779296875,3.662109375e-05,0.0,0.0,0.0,0.0
goose_207,0.32174609375,0.0048671875,0.0,0.0,0.0,0.0
goose_208,0.2794921875,0.016025390625,0.0,0.0,0.0,0.0
goose_209,0.09095458984375,0.00021484375,0.0,0.0,0.0,0.0
goose_210,0.17298828125,0.0,0.0,0.0,0.0,0.0
goose_211,0.12862109375,0.022826171875,6.25e-05,0.0004859234063156996,0.0027380850515326357,0.00041285528131684255
goose_212,0.1790556640625,0.07872802734375,0.0076630859375,0.04279722720641932,0.09733618631130128,0.030637563519101844
goose_213,0.19282958984375,0.001263671875,1.123046875e-05,5.824038084129942e-05,0.008887171557617013,5.786454664371071e-05
goose_214,0.13758642578125,0.0,0.0,0.0,0.0,0.0
goose_215,0.290697265625,0.038576171875,9.765625e-06,3.359379724105166e-05,0.0002531517391396308,2.9658981035871594e-05
goose_216,0.250521484375,0.00551171875,0.0,0.0,0.0,0.0
goose_217,0.19368359375,0.001087890625,0.0,0.0,0.0,0.0
goose_218,0.2514697265625,0.00041015625,0.0,0.0,0.0,0.0
goose_219,0.201232421875,0.0,0.0,0.0,0.0,0.0
goose_220,0.12685595703125,0.00207568359375,0.0,0.0,0.0,0.0
goose_221,0.21992919921875,0.0,0.0,0.0,0.0,0.0
goose_222,0.13458447265625,0.12073974609375,0.0087529296875,0.0650366978798855,0.07249418663402085,0.03549857617552547
goose_223,0.34680859375,0.129673828125,0.000146484375,0.00042237815797831576,0.001129637160527019,0.00030752324875634514
goose_224,0.167833984375,0.004767578125,7.2265625e-05,0.0004305780218962822,0.01515772223877193,0.00041886002150428643
goose_225,0.307876953125,0.130001953125,0.0013046875,0.004237691346328258,0.010035906912305466,0.0029884666660567965
goose_226,0.2295029296875,0.0506748046875,0.0,0.0,0.0,0.0
goose_227,0.15494921875,0.002087890625,0.0,0.0,0.0,0.0
goose_228,0.3818671875,0.1070546875,0.0,0.0,0.0,0.0
goose_229,0.148869140625,0.00293359375,0.0,0.0,0.0,0.0
goose_230,0.401248046875,0.0,0.0,0.0,0.0,0.0
goose_231,0.14178125,0.0,0.0,0.0,0.0,0.0
goose_232,0.12418798828125,0.03576611328125,0.0,0.0,0.0,0.0
goose_233,0.16865771484375,0.0224326171875,0.0,0.0,0.0,0.0
goose_234,0.2288369140625,0.00761669921875,0.0,0.0,0.0,0.0
goose_235,0.41894384765625,0.01757861328125,0.0,0.0,0.0,0.0
goose_236,0.19921435546875,0.01876806640625,0.0,0.0,0.0,0.0
goose_237,0.2727763671875,0.01092578125,0.0,0.0,0.0,0.0
goose_238,0.22649169921875,0.04362939453125,4.8828125e-07,2.1558461156996135e-06,1.1191566035710143e-05,1.8076416241988847e-06
goose_239,0.105978515625,0.000138671875,7.8125e-06,7.371777151040862e-05,0.056338027375520745,7.36268590768365e-05
goose_240,0.426103515625,0.105162109375,4.6875e-05,0.00011000847981981524,0.00044574039335761864,8.824048473407171e-05
goose_241,0.272189453125,0.0,0.0,0.0,0.0,0.0
goose_242,0.342201171875,0.001857421875,0.0,0.0,0.0,0.0
goose_243,0.2763173828125,0.05910986328125,0.0,0.0,0.0,0.0
goose_244,0.06871240234375,0.0,0.0,0.0,0.0,0.0
goose_245,0.275236328125,0.003943359375,0.0,0.0,0.0,0.0
goose_246,0.2541640625,0.0006826171875,0.00055029296875,0.0021651092736564314,0.8061516446307927,0.0021639826497321154
goose_247,0.3201328125,0.044861328125,0.0,0.0,0.0,0.0
goose_248,0.19674658203125,0.001921875,0.0,0.0,0.0,0.0
goose_249,0.289146484375,0.108673828125,0.0007265625,0.002512783448035282,0.006685717366569872,0.0018297001652542411
goose_250,0.27768896484375,0.04005908203125,0.0,0.0,0.0,0.0
goose_251,0.34112744140625,0.0519189453125,4.443359375e-05,0.00013025511394441076,0.0008558262014402725,0.000113062017622625
goose_252,0.1419248046875,0.04927587890625,0.0,0.0,0.0,0.0
goose_253,0.144923828125,0.022765625,0.0,0.0,0.0,0.0
goose_254,0.24370166015625,0.23722265625,8.056640625e-05,0.00033059440874626456,0.0003396235735802919,0.00016755215441589536
goose_255,0.1176669921875,0.0,0.0,0.0,0.0,0.0
goose_256,0.2726328125,0.0,0.0,0.0,0.0,0.0
goose_257,0.27612060546875,0.00604150390625,0.0,0.0,0.0,0.0
goose_258,0.32914453125,0.09350390625,0.00026953125,0.0008188841812889777,0.0028825667376262154,0.0006381266820157491
goose_259,0.12024609375,0.0041708984375,0.0,0.0,0.0,0.0
goose_260,0.39476171875,0.010095703125,0.0,0.0,0.0,0.0
goose_261,0.243673828125,0.29035546875,0.00128515625,0.0052740840486588435,0.004426147905958307,0.002412332960598272
goose_262,0.326388671875,0.05350390625,0.00019921875,0.0006103727462548223,0.0037234430895917558,0.0005246832610580871
goose_263,0.281380859375,0.055634765625,0.0,0.0,0.0,0.0
goose_264,0.259802734375,0.00758203125,0.0,0.0,0.0,0.0
goose_265,0.287021484375,0.0024453125,7.2265625e-05,0.00025177775509338383,0.02955271563134767,0.00024971316730613676
goose_266,0.24898828125,0.093671875,0.082,0.3293327685451332,0.8753961634513053,0.31458586221646817
goose_267,0.2599453125,0.00016796875,0.0,0.0,0.0,0.0
goose_268,0.436279296875,0.0,0.0,0.0,0.0,0.0
goose_269,0.20876171875,0.0004140625,7.8125e-06,3.7423048855440165e-05,0.018867924439302245,3.735036509947009e-05
goose_270,0.3225078125,0.0,0.0,0.0,0.0,0.0
goose_271,0.26409375,0.13098681640625,0.0,0.0,0.0,0.0
goose_272,0.294494140625,0.025435546875,0.0,0.0,0.0,0.0
goose_273,0.14033251953125,0.0385712890625,0.0,0.0,0.0,0.0
goose_274,0.21791015625,0.09518359375,0.0,0.0,0.0,0.0
goose_275,0.309443359375,0.00610546875,0.0001875,0.0006059267207333864,0.030710172734897578,0.0005945560957446223
goose_276,0.15031982421875,0.0,0.0,0.0,0.0,0.0
goose_277,0.1125302734375,0.0006650390625,0.0,0.0,0.0,0.0
goose_278,0.095994140625,0.0007431640625,0.0,0.0,0.0,0.0
goose_279,0.3395,0.000125,0.0,0.0,0.0,0.0
goose_280,0.2575625,0.064294921875,0.0,0.0,0.0,0.0
goose_281,0.15340625,0.0104140625,0.0,0.0,0.0,0.0
goose_282,0.0370390625,0.0,0.0,0.0,0.0,0.0
goose_283,0.461615234375,0.0,0.0,0.0,0.0,0.0
goose_284,0.255662109375,0.274677734375,7.2265625e-05,0.0002826606773139393,0.00026309240231618664,0.00013628143220685207
goose_285,0.32942431640625,0.0,0.0,0.0,0.0,0.0
goose_286,0.29176611328125,0.0,0.0,0.0,0.0,0.0
goose_287,0.23897021484375,0.0,0.0,0.0,0.0,0.0
goose_288,0.164462890625,0.008587890625,0.0,0.0,0.0,0.0
goose_289,0.266734375,0.078990234375,5.859375e-06,2.196707867139087e-05,7.417847340655874e-05,1.6948386513579966e-05
goose_290,0.21273046875,0.0,0.0,0.0,0.0,0.0
goose_291,0.1410703125,0.0,0.0,0.0,0.0,0.0
goose_292,0.47654296875,0.0,0.0,0.0,0.0,0.0
goose_293,0.150193359375,0.20858740234375,0.0,0.0,0.0,0.0
goose_294,0.14268505859375,0.011205078125,6.34765625e-06,4.4487182558134526e-05,0.0005664981697504576,4.124967476204887e-05
goose_295,0.257845703125,0.0056640625,0.00562890625,0.021830521826569072,0.9937931031055887,0.02182754572634659
goose_296,0.365751953125,0.09930859375,0.009275390625,0.025359784262807467,0.09339967745558353,0.02035035695605818
goose_297,0.4790234375,0.0,0.0,0.0,0.0,0.0
goose_298,0.13086962890625,0.02017724609375,6.34765625e-06,4.850366202630203e-05,0.00031459477771907666,4.202617907664597e-05
goose_299,0.370111328125,0.0,0.0,0.0,0.0,0.0
goose_300,0.1703828125,0.0,0.0,0.0,0.0,0.0
goose_301,0.2192109375,0.0,0.0,0.0,0.0,0.0
goose_302,0.241439453125,0.016564453125,0.0,0.0,0.0,0.0
goose_303,0.246001953125,0.0003505859375,0.0,0.0,0.0,0.0
goose_304,0.406923828125,0.00830859375,0.0,0.0,0.0,0.0
goose_305,0.38376953125,0.007798828125,0.0,0.0,0.0,0.0
goose_306,0.2268671875,0.002486328125,0.0,0.0,0.0,0.0
goose_307,0.24197802734375,0.0062548828125,1.953125e-06,8.071497323273413e-06,0.00031225604993659204,7.868176569734924e-06
goose_308,0.21774609375,0.073701171875,0.0,0.0,0.0,0.0
goose_309,0.394587890625,0.0,0.0,0.0,0.0,0.0
goose_310,0.14018359375,0.02764697265625,0.00019140625,0.0013653969403914878,0.006923226364654047,0.0011417752858045823
goose_311,0.27542041015625,0.0778251953125,0.00622705078125,0.022609256800199606,0.08001330104224955,0.017944431780741156
goose_312,0.31346484375,0.02001953125,6.640625e-05,0.00021184592570306772,0.0033170731704080902,0.00019916817995314177
goose_313,0.154998046875,0.0177734375,0.0,0.0,0.0,0.0
goose_314,0.30038037109375,0.03590185546875,0.0,0.0,0.0,0.0
goose_315,0.13738671875,0.0007060546875,0.0,0.0,0.0,0.0
goose_316,0.12614990234375,0.0124384765625,0.0,0.0,0.0,0.0
goose_317,0.2911494140625,0.19021826171875,0.0,0.0,0.0,0.0
goose_318,0.228384765625,0.031234375,0.0,0.0,0.0,0.0
goose_319,0.1870234375,0.0,0.0,0.0,0.0,0.0
goose_320,0.26616796875,0.08455859375,0.0,0.0,0.0,0.0
goose_321,0.368341796875,5.078125e-05,0.0,0.0,0.0,0.0
goose_322,0.155671875,0.0,0.0,0.0,0.0,0.0
goose_323,0.373525390625,0.003607421875,0.003607421875,0.009657768830507162,0.9999999994585814,0.009657768830507162
goose_324,0.3150888671875,0.0361357421875,0.0,0.0,0.0,0.0
goose_325,0.14431298828125,0.0316640625,1.953125e-06,1.3533951609310229e-05,6.168270416879961e-05,1.109887152220718e-05
goose_326,0.3771435546875,0.190162109375,0.0003447265625,0.0009140460130233249,0.001812803631765114,0.0006080252442430447
goose_327,0.127876953125,0.0,0.0,0.0,0.0,0.0
goose_328,0.30541259765625,0.0743251953125,0.0002333984375,0.0007642069753858778,0.003140233086736521,0.0006150085239144199
goose_329,0.1414453125,0.006810546875,0.0,0.0,0.0,0.0
goose_330,0.16876611328125,0.001935546875,0.00076611328125,0.004539497096618264,0.39581231069732287,0.004508257956243439
goose_331,0.225052734375,0.02405517578125,0.0,0.0,0.0,0.0
goose_332,0.18144140625,0.011296875,0.0,0.0,0.0,0.0
goose_333,0.17086279296875,0.0430595703125,2.1484375e-05,0.0001257405115920585,0.0004989454108305293,0.00010044079813887665
goose_334,0.1667890625,0.0,0.0,0.0,0.0,0.0
goose_335,0.132884765625,0.129912109375,0.0,0.0,0.0,0.0
goose_336,0.0207109375,0.0,0.0,0.0,0.0,0.0
goose_337,0.35350830078125,0.01276171875,0.0,0.0,0.0,0.0
goose_338,0.126662109375,0.0,0.0,0.0,0.0,0.0
goose_339,0.27375048828125,0.01124853515625,0.0,0.0,0.0,0.0
goose_340,0.515068359375,0.0,0.0,0.0,0.0,0.0
goose_341,0.15515625,0.0738359375,0.0,0.0,0.0,0.0
goose_342,0.15014111328125,0.03270166015625,0.0,0.0,0.0,0.0
goose_343,0.0326953125,0.0165908203125,5.859375e-06,0.0001792114695313738,0.0003531696980295141,0.00011889899530231161
goose_344,0.163982421875,9.765625e-07,9.765625e-07,5.955287699931052e-06,0.99999950000025,5.955287699931052e-06
goose_345,0.249466796875,0.301595703125,3.7109375e-05,0.0001487547660232468,0.00012304344728803794,6.73460345589106e-05
goose_346,0.27374462890625,0.02482861328125,1.7578125e-05,6.421358866547357e-05,0.0007079785246374957,5.88772115751635e-05
goose_347,0.2448671875,0.01163671875,3.125e-05,0.00012762020227700268,0.002685464920663735,0.00012184534779138671
goose_348,0.42519140625,0.0,0.0,0.0,0.0,0.0
goose_349,0.251287109375,1.3671875e-05,0.0,0.0,0.0,0.0
goose_350,0.24608154296875,0.02438134765625,4.19921875e-05,0.00017064338508820747,0.0017223078925415595,0.00015528454990925734
goose_351,0.22978564453125,0.00306884765625,0.0,0.0,0.0,0.0
goose_352,0.352947265625,0.144203125,0.00988671875,0.028011886513521673,0.06856105753509914,0.02029028495376248
goose_353,0.1299443359375,8.3984375e-05,1.46484375e-06,1.1272855714919726e-05,0.017441860363710114,1.1265701571523064e-05
goose_354,0.218755859375,0.0725078125,5.859375e-06,2.6784996830202898e-05,8.081025751317718e-05,2.011748611879967e-05
goose_355,0.0878046875,0.0,0.0,0.0,0.0,0.0
goose_356,0.185794921875,0.0,0.0,0.0,0.0,0.0
goose_357,0.26282568359375,0.0796201171875,0.0,0.0,0.0,0.0
goose_358,0.1681455078125,0.0,0.0,0.0,0.0,0.0
goose_359,0.11114794921875,0.03195947265625,0.0,0.0,0.0,0.0
goose_360,0.1656123046875,0.0428193359375,9.765625e-06,5.8966784010392995e-05,0.00022806577416666974,4.6855086588090245e-05
goose_361,0.3341015625,1.5625e-05,0.0,0.0,0.0,0.0
goose_362,0.14069873046875,0.000501953125,0.0,0.0,0.0,0.0
goose_363,0.2378046875,0.006705078125,4.8828125e-07,2.053286901667981e-06,7.282260413102078e-05,1.996984553320492e-06
goose_364,0.32618359375,0.00932958984375,2.44140625e-06,7.48476102653874e-06,0.00026168419949433797,7.276685789786332e-06
goose_365,0.377525390625,0.07354296875,0.000123046875,0.00032593006471997704,0.001673129016826412,0.00027286429549008064
goose_366,0.118521484375,0.0,0.0,0.0,0.0,0.0
goose_367,0.15866162109375,0.0022431640625,0.0,0.0,0.0,0.0
goose_368,0.165615234375,0.0,0.0,0.0,0.0,0.0
goose_369,0.360119140625,0.24387890625,0.002166015625,0.0060147195209592375,0.00888152099043069,0.00359903679519047
goose_370,0.14394091796875,0.18927392578125,0.00595166015625,0.041347938030532314,0.03144469124137665,0.018186158586140404
goose_371,0.14940283203125,0.0,0.0,0.0,0.0,0.0
goose_372,0.21857177734375,8.0078125e-05,0.0,0.0,0.0,0.0
goose_373,0.144185546875,0.16908447265625,0.0,0.0,0.0,0.0
goose_374,0.1215078125,0.0046533203125,0.0,0.0,0.0,0.0
goose_375,0.22630859375,0.0557548828125,0.00045166015625,0.0019957711228057395,0.00810081796360236,0.001603839505078356
goose_376,0.2995234375,0.021958984375,0.000396484375,0.0013237173635115436,0.018055679087605116,0.0012348232317012894
goose_377,0.22820068359375,0.0386845703125,0.0,0.0,0.0,0.0
goose_378,0.25847021484375,0.0,0.0,0.0,0.0,0.0
goose_379,0.18492236328125,0.2765,2.099609375e-05,0.0001135400466303333,7.593523960203588e-05,4.5505053177368635e-05
goose_380,0.19900390625,0.237380859375,3.90625e-06,1.96290116790693e-05,1.6455623297736074e-05,8.95146960748275e-06
goose_381,0.16612890625,0.03182421875,0.0,0.0,0.0,0.0
goose_382,0.26997705078125,0.001095703125,0.0002685546875,0.0009947315400415711,0.24509803910646255,0.0009916932169969155
goose_383,0.275384765625,0.016341796875,0.0,0.0,0.0,0.0
goose_384,0.24846875,0.07036328125,0.000603515625,0.002428939755986441,0.008577138732899097,0.0018964850582638478
goose_385,0.150583984375,0.084158203125,0.0,0.0,0.0,0.0
goose_386,0.3325087890625,0.000224609375,0.00020361328125,0.0006123545841413198,0.9065217371597354,0.0006123159197724999
goose_387,0.4520791015625,0.0865888671875,0.0003212890625,0.0007106921363743569,0.003710512366473939,0.0005968069918926792
goose_388,0.20147265625,0.094138671875,0.0,0.0,0.0,0.0
goose_389,0.24928515625,0.05187890625,9.5703125e-05,0.000383910243349077,0.0018447406068125614,0.0003178783888086185
goose_390,0.3783984375,0.0178046875,6.25e-05,0.0001651698152154167,0.0035103115397641165,0.0001577722557480487
goose_391,0.149205078125,0.045962890625,0.028896484375,0.19366957705295423,0.6286916245005443,0.17379098095671625
goose_392,0.277314453125,0.124224609375,0.012501953125,0.0450822269954919,0.10063990692104711,0.03213563134124147
goose_393,0.383333984375,0.192435546875,0.040396484375,0.10538195417413328,0.20992215331624914,0.07545483399033437
goose_394,0.15802099609375,0.0,0.0,0.0,0.0,0.0
goose_395,0.40546484375,0.05666796875,2.1484375e-05,5.298702299611274e-05,0.00037912731783348977,4.6491773069232625e-05
goose_396,0.33621484375,0.057083984375,5.078125e-05,0.00015103809645437464,0.0008895883942625111,0.00012913287275877913
goose_397,0.3278818359375,0.11592919921875,0.0001884765625,0.0005748307525508862,0.0016257902562025338,0.00042485793124959426
goose_398,0.1859384765625,0.0,0.0,0.0,0.0,0.0
goose_399,0.0939501953125,0.0,0.0,0.0,0.0,0.0
goose_400,0.226923828125,0.0073046875,0.000841796875,0.003709601067231488,0.11524064168041695,0.003606875658998721
goose_401,0.4104609375,0.001291015625,7.421875e-05,0.0001808180589648603,0.05748865346824712,0.0001802836145907311
goose_402,0.35767626953125,0.0426669921875,1.806640625e-05,5.0510497309905776e-05,0.0004234281659789954,4.512932601175664e-05
goose_403,0.248419921875,0.00107421875,0.0,0.0,0.0,0.0
goose_404,0.37926123046875,0.01610498046875,0.0,0.0,0.0,0.0
goose_405,0.3995009765625,0.0,0.0,0.0,0.0,0.0
goose_406,0.302365234375,0.0,0.0,0.0,0.0,0.0
goose_407,0.320912109375,0.0,0.0,0.0,0.0,0.0
goose_408,0.21855078125,8.7890625e-05,0.0,0.0,0.0,0.0
goose_409,0.29090625,0.00436474609375,3.759765625e-05,0.0001292432054998368,0.008613938918378573,0.00012734892613410447
goose_410,0.37409375,0.0030625,0.0,0.0,0.0,0.0
goose_411,0.2470859375,0.0,0.0,0.0,0.0,0.0
goose_412,0.412630859375,0.0301982421875,2.978515625e-05,7.218354025939666e-05,0.0009863208614787323,6.72655876971601e-05
goose_413,0.1168251953125,1.46484375e-05,0.0,0.0,0.0,0.0
goose_414,0.299591796875,0.06652734375,0.001439453125,0.0048047147485523614,0.021637014854628704,0.003947171104758311
goose_415,0.48028125,0.0,0.0,0.0,0.0,0.0
goose_416,0.377552734375,0.0,0.0,0.0,0.0,0.0
goose_417,0.05930859375,0.0224765625,1.5625e-05,0.00026345254560154605,0.0006951685783198498,0.000191085845311444
goose_418,0.26058984375,0.0452177734375,0.02161083984375,0.08293047623314946,0.47792799602101455,0.07604181879083553
goose_419,0.25065234375,0.004583984375,0.0,0.0,0.0,0.0
goose_420,0.155162109375,0.003271484375,0.0,0.0,0.0,0.0
goose_421,0.32270703125,0.000267578125,1.953125e-06,6.052316221381306e-06,0.007299270019713358,6.0473385662604025e-06
goose_422,0.11542822265625,0.0,0.0,0.0,0.0,0.0
goose_423,0.454185546875,0.013609375,0.0,0.0,0.0,0.0
goose_424,0.346623046875,0.007134765625,5.6640625e-05,0.00016340697916750676,0.00793868053437211,0.00016013694469665016
goose_425,0.20820703125,0.00222119140625,0.0,0.0,0.0,0.0
goose_426,0.04137353515625,0.0268623046875,0.0,0.0,0.0,0.0
goose_427,0.3873046875,0.0,0.0,0.0,0.0,0.0
goose_428,0.349255859375,0.000810546875,0.0,0.0,0.0,0.0
goose_429,0.29237841796875,0.04322900390625,0.0,0.0,0.0,0.0
goose_430,0.483041015625,0.0,0.0,0.0,0.0,0.0
goose_431,0.0879111328125,6.8359375e-05,0.0,0.0,0.0,0.0
goose_432,0.1635205078125,0.02609619140625,6.689453125e-05,0.00040908955179190455,0.0025633829169695315,0.0003529126888846596
goose_433,0.20995654296875,0.02402490234375,0.00110009765625,0.005239644550687713,0.045789890859382766,0.004723854732546114
goose_434,0.198048828125,0.00333984375,0.0,0.0,0.0,0.0
goose_435,0.21455078125,0.0,0.0,0.0,0.0,0.0
goose_436,0.25297900390625,0.051712890625,2.44140625e-06,9.650627966343144e-06,4.7210786720104146e-05,8.01276914890287e-06
goose_437,0.280880859375,0.000341796875,0.0,0.0,0.0,0.0
goose_438,0.3651142578125,0.00668896484375,0.0,0.0,0.0,0.0
goose_439,0.01280517578125,0.69303466796875,0.0017060546875,0.13323164918462416,0.002461716226259155,0.002422912682219522
goose_440,0.13894189453125,0.0,0.0,0.0,0.0,0.0
goose_441,0.2716513671875,0.04193115234375,1.904296875e-05,7.010076535643525e-05,0.00045414847161043205,6.073082540968278e-05
goose_442,0.154060546875,0.04453515625,0.0,0.0,0.0,0.0
goose_443,0.19926904296875,0.0046201171875,5.37109375e-06,2.6953979755044795e-05,0.0011625449163852732,2.6343898034682115e-05
goose_444,0.322904296875,0.05421875,0.02333203125,0.07225680015924647,0.43033141208824455,0.06594862565589266
goose_445,0.431478515625,0.0,0.0,0.0,0.0,0.0
goose_446,0.244037109375,0.058287109375,0.0,0.0,0.0,0.0
goose_447,0.1216796875,0.054873046875,0.0,0.0,0.0,0.0
goose_448,0.24914453125,0.0265390625,0.0,0.0,0.0,0.0
goose_449,0.234955078125,8.7890625e-05,0.0,0.0,0.0,0.0
goose_450,0.320869140625,0.0,0.0,0.0,0.0,0.0
goose_451,0.15879296875,0.0,0.0,0.0,0.0,0.0
goose_452,0.3795625,0.0224296875,0.0,0.0,0.0,0.0
goose_453,0.28635986328125,0.00113427734375,2.44140625e-06,8.525657967639117e-06,0.0021523891510321184,8.492093012181922e-06
goose_454,0.270052734375,0.106646484375,0.0,0.0,0.0,0.0
goose_455,0.360806640625,0.00400390625,0.000251953125,0.0006983051214417656,0.06292682923759667,0.0006911183258826967
goose_456,0.33966845703125,0.0016103515625,0.0,0.0,0.0,0.0
goose_457,0.10427880859375,0.0283037109375,3.90625e-06,3.745967232134096e-05,0.0001380119380302589,2.946365106187196e-05
goose_458,0.26463330078125,0.0,0.0,0.0,0.0,0.0
goose_459,0.292693359375,0.06630859375,8.0078125e-05,0.0002735905084094142,0.0012076583210248112,0.00022310739628105488
goose_460,0.2472900390625,0.04357763671875,0.0,0.0,0.0,0.0
goose_461,0.450283203125,0.00766796875,0.0,0.0,0.0,0.0
goose_462,0.2069462890625,0.0283642578125,0.0,0.0,0.0,0.0
goose_463,0.270197265625,0.15976171875,0.013228515625,0.0489587324072476,0.08280153548885302,0.03174357676465911
goose_464,0.27796630859375,0.0,0.0,0.0,0.0,0.0
goose_465,0.173095703125,0.0,0.0,0.0,0.0,0.0
goose_466,0.281134765625,0.0015625,0.0,0.0,0.0,0.0
goose_467,0.205994140625,0.0,0.0,0.0,0.0,0.0
goose_468,0.283177734375,0.042056640625,0.0,0.0,0.0,0.0
goose_469,0.368953125,0.04900390625,0.000603515625,0.0016357514928130915,0.01231566361050954,0.0014460537707305329
goose_470,0.187076171875,0.0,0.0,0.0,0.0,0.0
goose_471,0.11147314453125,0.01859326171875,6.0546875e-05,0.0005431521220141169,0.0032563880353145727,0.0004657242011310122
goose_472,0.2632880859375,8.7890625e-06,0.0,0.0,0.0,0.0
goose_473,0.28227880859375,0.0014990234375,0.0,0.0,0.0,0.0
goose_474,0.305587890625,0.008876953125,0.0,0.0,0.0,0.0
goose_475,0.321169921875,0.0594921875,0.0,0.0,0.0,0.0
goose_476,0.1323662109375,0.00208349609375,2.44140625e-06,1.8444331319144315e-05,0.0011717834541430082,1.8158838996403972e-05
goose_477,0.2466015625,0.000388671875,0.0,0.0,0.0,0.0
goose_478,0.26934912109375,0.11994091796875,4.39453125e-06,1.6315372525245656e-05,3.6639133036542895e-05,1.1288706151201823e-05
goose_479,0.307572265625,0.05918701171875,6.0546875e-05,0.00019685414377941404,0.001022975704318583,0.00016511340228127452
goose_480,0.1332158203125,0.0738525390625,0.001029296875,0.0077265363271545725,0.01393719008255248,0.004995639479759139
goose_481,0.3294521484375,0.23500634765625,0.00231396484375,0.00702367507609546,0.009846392945648812,0.004116316561156602
goose_482,0.12231494140625,0.0,0.0,0.0,0.0,0.0
goose_483,0.29594921875,0.000783203125,1.3671875e-05,4.619669231652524e-05,0.01745635905871232,4.607688256947026e-05
goose_484,0.3450703125,0.08077734375,0.000568359375,0.0016470827956165687,0.007036123603485755,0.0013364379107418541
goose_485,0.25584619140625,0.00176416015625,4.8828125e-07,1.908495285058756e-06,0.0002767783005046282,1.895429172546802e-06
goose_486,0.1866796875,0.139966796875,0.0,0.0,0.0,0.0
goose_487,0.344833984375,0.059392578125,0.0,0.0,0.0,0.0
goose_488,0.286921875,0.061015625,0.0,0.0,0.0,0.0
goose_489,0.17372607421875,0.0,0.0,0.0,0.0,0.0
goose_490,0.3060546875,0.072078125,7.421875e-05,0.00024250159540368537,0.0010296986776222171,0.0001963154686246742
goose_491,0.27907568359375,0.01202978515625,0.0,0.0,0.0,0.0
goose_492,0.050328125,9.08203125e-05,0.0,0.0,0.0,0.0
goose_493,0.20997998046875,0.0,0.0,0.0,0.0,0.0
goose_494,0.3107861328125,0.04596142578125,1.025390625e-05,3.299344844375718e-05,0.00022309808879066923,2.874357717920287e-05
goose_495,0.23781103515625,0.0279697265625,3.41796875e-05,0.00014372624667090237,0.0012220243706361157,0.00012861759966462295
goose_496,0.29741015625,0.059798828125,0.001279296875,0.004301456584812236,0.021393343566600474,0.0035942404354595454
goose_497,0.421859375,0.043650390625,1.953125e-05,4.629801103723148e-05,0.00044744731305886406,4.19584527399207e-05
goose_498,0.3561826171875,0.0,0.0,0.0,0.0,0.0
goose_499,0.16858984375,0.0010078125,0.000583984375,0.003463935679655878,0.5794573632181059,0.0034552493210440256
goose_500,0.324234375,0.000208984375,0.0,0.0,0.0,0.0
