sample_id,model,iou,dice,precision,recall,pred_area,gt_area,area_ratio
goose_001,student_gs100,0.0,0.0,0.0,0.0,0.0,0.2559638671875,0.0
goose_001,student_lisa100,0.8347054380005827,0.9099067574686259,0.9071138226795993,0.9127169438435448,0.257544921875,0.2559638671875,1.0061768666994775
goose_001,student_lisa500,0.8586513247169666,0.9239509458265079,0.9369121488582254,0.911343458969047,0.248978515625,0.2559638671875,0.9727096185908808
goose_001,student_gt500,0.9195272734652161,0.9580767996124843,0.9654573277030953,0.9508082576962843,0.252080078125,0.2559638671875,0.9848268073725615
goose_002,student_gs100,0.0,0.0,0.0,0.0,0.0,0.33241552734375,0.0
goose_002,student_lisa100,0.9144362541316325,0.9553060355581396,0.9255025533954375,0.9870928792706088,0.354537109375,0.33241552734375,1.06654798049904
goose_002,student_lisa500,0.9615369196892601,0.9803913554087816,0.9743570027507283,0.9865009173206891,0.33655859375,0.33241552734375,1.0124635164890046
goose_002,student_gt500,0.9774742134969902,0.9886088089800297,0.9985540038360106,0.9788597608356211,0.325859375,0.33241552734375,0.9802772379613593
goose_003,student_gs100,0.16923929707514146,0.2894861599306395,0.5176891115727729,0.20091892693048763,0.03196484375,0.08236083984375,0.3881073069512376
goose_003,student_lisa100,0.6395780119076763,0.780173931661253,0.7432847357911236,0.8209159626500667,0.090962890625,0.08236083984375,1.1044434563509706
goose_003,student_lisa500,0.6385426821538017,0.7794031722316342,0.7085766954496944,0.8659611679264858,0.100654296875,0.08236083984375,1.2221135319401213
goose_003,student_gt500,0.3816796033740129,0.5524864121059104,0.8760491220843417,0.40346820809248557,0.037931640625,0.08236083984375,0.46055432043871347
goose_004,student_gs100,0.02050059503439963,0.040177526861135404,0.5646012097341399,0.020829900605500756,0.013884765625,0.37635107421875,0.03689312074855306
goose_004,student_lisa100,0.897773121503602,0.9461332456772262,0.967030183158123,0.9261203450588829,0.3604296875,0.37635107421875,0.9576953865435338
goose_004,student_lisa500,0.7902057474083044,0.8828099770680456,0.9745120529502463,0.806881976005719,0.31161328125,0.37635107421875,0.8279856298985295
goose_004,student_gt500,0.9666907321384527,0.9830632913872894,0.9899167026236305,0.976304123035885,0.37117578125,0.37635107421875,0.9862487625962191
goose_005,student_gs100,0.0,0.0,0.0,0.0,0.0,0.1394208984375,0.0
goose_005,student_lisa100,0.8651266052938812,0.9276867348718844,0.9065420560747663,0.9498413498917817,0.146080078125,0.1394208984375,1.0477631385404191
goose_005,student_lisa500,0.8794061903765823,0.9358340893837037,0.9024653613478176,0.9717651838309974,0.150126953125,0.1394208984375,1.0767894541455658
goose_005,student_gt500,0.8789151180311401,0.9355559594965944,0.9524099795358558,0.9192880707726575,0.134572265625,0.1394208984375,0.9652230557481771
goose_006,student_gs100,0.0,0.0,0.0,0.0,0.0,0.29193017578125,0.0
goose_006,student_lisa100,0.6882160628722662,0.8153175153438141,0.6890766587535447,0.9981885785108209,0.42288671875,0.29193017578125,1.4485885798488976
goose_006,student_lisa500,0.6789567442194113,0.8087840816114357,0.7041974604434303,0.9498555713337113,0.39376953125,0.29193017578125,1.3488483340107347
goose_006,student_gt500,0.8287881100414398,0.9063795914800208,0.8562547603179892,0.9627379058763316,0.328234375,0.29193017578125,1.1243591866500076
goose_007,student_gs100,0.08553439896382464,0.15758947675075025,0.6652975237736559,0.08938055476059091,0.04148828125,0.30881494140625,0.13434674197134017
goose_007,student_lisa100,0.9433820993592652,0.970866305365578,0.9560617952381244,0.9861365192354214,0.318529296875,0.30881494140625,1.031456882962054
goose_007,student_lisa500,0.9180085256725478,0.957251767533879,0.989719320046735,0.9268467380184773,0.289197265625,0.30881494140625,0.9364743308988968
goose_007,student_gt500,0.9492139106373613,0.9739453483860925,0.9940612219361042,0.954627458483081,0.296564453125,0.30881494140625,0.9603306490758998
goose_008,student_gs100,0.0,0.0,0.0,0.0,0.0,0.28223681640625,0.0
goose_008,student_lisa100,0.8749704160362222,0.9333165030795012,0.9392995318063304,0.9274092117760427,0.2786640625,0.28223681640625,0.987341290368343
goose_008,student_lisa500,0.9179308863854109,0.9572095562998837,0.9530765483932933,0.9613785658306532,0.2846953125,0.28223681640625,1.008710756183599
goose_008,student_gt500,0.9236832441064793,0.960327795063283,0.9723414291591596,0.9486074035372417,0.27534765625,0.28223681640625,0.9755908522354726
goose_009,student_gs100,0.0,0.0,0.0,0.0,0.0,0.3006201171875,0.0
goose_009,student_lisa100,0.8888880436585155,0.9411759967910666,0.9335111142356806,0.948967791186837,0.30559765625,0.3006201171875,1.0165575714262511
goose_009,student_lisa500,0.8958269099499168,0.9450513707220058,0.9415636971018044,0.9485649779914564,0.30285546875,0.3006201171875,1.0074358016469864
goose_009,student_gt500,0.8972199049726162,0.9458259452380838,0.9280412925493334,0.9643055532996573,0.3123671875,0.3006201171875,1.0390761284454335
goose_010,student_gs100,0.13064392755949625,0.23109650063126802,0.5777825424051839,0.14443273244838284,0.0409921875,0.1639833984375,0.2499776678041198
goose_010,student_lisa100,0.8545019979833439,0.9215433565588627,0.9604056619612806,0.885703821485359,0.151228515625,0.1639833984375,0.9222184505624735
goose_010,student_lisa500,0.8715393634604246,0.9313609753299257,0.9445563775322735,0.9185291718030717,0.15946484375,0.1639833984375,0.9724450479100042
goose_010,student_gt500,0.9170098101256509,0.9567085210331242,0.9875962062713175,0.927694304992288,0.154037109375,0.1639833984375,0.9393457559894949
goose_011,student_gs100,0.06992921445688803,0.13071745964500117,0.6822921901698663,0.07228291831051906,0.03886328125,0.366837890625,0.10594129516933676
goose_011,student_lisa100,0.8927396000721829,0.9433306092799418,0.9199113006871288,0.9679734960414437,0.38600390625,0.366837890625,1.0522465538997237
goose_011,student_lisa500,0.8818778920930532,0.9372317893720673,0.9286806368654345,0.9459418808333466,0.37365625,0.366837890625,1.018586845986338
goose_011,student_gt500,0.8034366384512872,0.8910062281325765,0.9798798089204517,0.8169134441835577,0.305828125,0.366837890625,0.8336873938483982
goose_012,student_gs100,0.10476417090709798,0.1896588858798315,0.6987589759600374,0.10971962922261759,0.03753515625,0.2390458984375,0.1570207081374115
goose_012,student_lisa100,0.862730804296229,0.9263075505128431,0.9267526211623076,0.9258629071463296,0.23881640625,0.2390458984375,0.9990399660107115
goose_012,student_lisa500,0.877033433036307,0.9344888776089719,0.9520545622557373,0.9175596344517389,0.230384765625,0.2390458984375,0.9637679087191513
goose_012,student_gt500,0.9142910693664335,0.9552268032771353,0.985606837458287,0.9266636163459063,0.22475,0.2390458984375,0.9401960103438557
goose_013,student_gs100,0.09214323972759966,0.16873837858591123,0.7034652771287037,0.09586685539327686,0.04179296875,0.30667431640625,0.1362780204085857
goose_013,student_lisa100,0.9208963812050316,0.9588194243224382,0.9836877152082747,0.9351775043824803,0.29155078125,0.30667431640625,0.9506853546346024
goose_013,student_lisa500,0.9410858421455164,0.9696488653024409,0.9920592350746269,0.948228618193224,0.293125,0.30667431640625,0.9558185485989598
goose_013,student_gt500,0.963698476808455,0.9815136979427997,0.9898681253198091,0.9732991120402377,0.301541015625,0.30667431640625,0.983261393254563
goose_014,student_gs100,0.11352296649924577,0.20389874284523377,0.18234464028968528,0.2312315354098084,0.036677734375,0.02892333984375,1.2681016291044147
goose_014,student_lisa100,0.34383652022290556,0.5117237328330272,0.34559955474504417,0.9853802650460032,0.082466796875,0.02892333984375,2.8512197180720857
goose_014,student_lisa500,0.4064577465795531,0.5779878529135218,0.4134744037230948,0.9599223432092513,0.0671484375,0.02892333984375,2.321600405165865
goose_014,student_gt500,0.48659455971745846,0.6546432671056464,0.4946577139503573,0.9675867308179286,0.056576171875,0.02892333984375,1.9560732674938803
goose_015,student_gs100,0.0,0.0,0.0,0.0,0.0,0.1268173828125,0.0
goose_015,student_lisa100,0.7915624961513357,0.8836560241150206,0.7980295260681161,0.9898660875859573,0.157302734375,0.1268173828125,1.2403877992622883
goose_015,student_lisa500,0.8169773805539697,0.8992708322047304,0.8467659661293614,0.9587173978330676,0.143583984375,0.1268173828125,1.1322105944047867
goose_015,student_gt500,0.9230914673806174,0.9600078654999509,0.9810230359927339,0.9398741731543727,0.121498046875,0.1268173828125,0.9580551512771349
goose_016,student_gs100,3.265719335915973e-05,6.531225380341828e-05,1.0,3.265719335915973e-05,1.171875e-05,0.35884130859375,3.265719335915973e-05
goose_016,student_lisa100,0.585368781131849,0.7384638679638111,0.812355477170292,0.6768938110536435,0.29900390625,0.35884130859375,0.8332482885589605
goose_016,student_lisa500,0.6319241035646618,0.7744528096427163,0.8641673426428097,0.7016139457101375,0.291341796875,0.35884130859375,0.8118959269676299
goose_016,student_gt500,0.9395350279704285,0.9688250167397887,0.949157188958862,0.9893251799207247,0.37402734375,0.35884130859375,1.0423196404443011
goose_017,student_gs100,0.0,0.0,0.0,0.0,3.90625e-06,0.28708154296875,1.3606761199640102e-05
goose_017,student_lisa100,0.8171433992560507,0.8993713975359282,0.8298944462020765,0.9815441292778382,0.339541015625,0.28708154296875,1.1827337003757168
goose_017,student_lisa500,0.9006686079867022,0.9477387106853333,0.9106688197667127,0.9879546146480186,0.3114453125,0.28708154296875,1.0848670704473053
goose_017,student_gt500,0.7931697331986973,0.8846566150587685,0.8031091676886282,0.9846362657604564,0.351970703125,0.28708154296875,1.2260304145129715
goose_018,student_gs100,0.0,0.0,0.0,0.0,0.0,0.03549755859375,0.0
goose_018,student_lisa100,0.032565017226134946,0.06307596457919337,0.040158362534402116,0.14692086548645786,0.129869140625,0.03549755859375,3.658537256358409
goose_018,student_lisa500,0.06292457046929374,0.11839893858415898,0.06584260505550685,0.5867480983232232,0.31633203125,0.03549755859375,8.911374296757865
goose_018,student_gt500,0.014040341262218205,0.027691879091795515,0.023273020154341798,0.034182038267376445,0.05213671875,0.03549755859375,1.4687409730532746
goose_019,student_gs100,0.0,0.0,0.0,0.0,0.0,0.14720361328125,0.0
goose_019,student_lisa100,0.6942675306749176,0.8195488824581956,0.6970085191867711,0.994367654814859,0.21000390625,0.14720361328125,1.4266219528780355
goose_019,student_lisa500,0.7912821068016348,0.8834812828164545,0.8113039472515763,0.969755168787918,0.175953125,0.14720361328125,1.1953043887844017
goose_019,student_gt500,0.8114863742224,0.8959342844306397,0.8430997355054655,0.9558335240635148,0.16688671875,0.14720361328125,1.1337134668776307
goose_020,student_gs100,0.15270115991621624,0.2649449228060381,0.5737085600037197,0.17224471278006562,0.042005859375,0.139912109375,0.3002303343337754
goose_020,student_lisa100,0.830517679929757,0.907412901864599,0.8598047055589569,0.9606023591819641,0.156314453125,0.139912109375,1.1172331960633768
goose_020,student_lisa500,0.8352625246081347,0.910237650917522,0.9219817278364097,0.8987889997906051,0.136392578125,0.139912109375,0.9748446988204089
goose_020,student_gt500,0.9064735801551226,0.950942713909905,0.966297518517451,0.9360682627207371,0.13553515625,0.139912109375,0.9687164095763244
goose_021,student_gs100,0.0,0.0,0.0,0.0,0.0,0.14129833984375,0.0
goose_021,student_lisa100,0.8065198983911939,0.8928989922662292,0.8194045103405272,0.9808762902629423,0.169142578125,0.14129833984375,1.1970599110509055
goose_021,student_lisa500,0.8457836559495073,0.9164493934305855,0.8806110877514876,0.9553284792607618,0.153287109375,0.14129833984375,1.0848472072956228
goose_021,student_gt500,0.9036949545228878,0.9494115140409938,0.9367700877240192,0.9623987918957492,0.1451640625,0.14129833984375,1.0273585851081106
goose_022,student_gs100,0.04129926132188576,0.07932255952906002,0.10914503270645952,0.062299911760630655,0.03821875,0.06695654296875,0.5707993320060966
goose_022,student_lisa100,0.2835267470339821,0.44179328196964424,0.3475604656608571,0.606131542292911,0.11676953125,0.06695654296875,1.743959978705871
goose_022,student_lisa500,0.24415402593025387,0.39248199313216053,0.2465681690667664,0.9614445003536868,0.261083984375,0.06695654296875,3.8993050238100446
goose_022,student_gt500,0.21828591499824376,0.3583492385669721,0.8560998457130262,0.226600158976715,0.01772265625,0.06695654296875,0.2646889379917886
goose_023,student_gs100,0.12252832107429011,0.2183077589650962,0.4295504871567759,0.14634081942107924,0.0441015625,0.1294501953125,0.3406836304382266
goose_023,student_lisa100,0.7012789043953769,0.8244138013862068,0.7094171208511472,0.9839050370783889,0.179537109375,0.1294501953125,1.3869203437012003
goose_023,student_lisa500,0.7808232961439436,0.8769239461710522,0.783759698672782,0.9952246957912445,0.164376953125,0.1294501953125,1.2698084597569348
goose_023,student_gt500,0.8517022371885462,0.9199127376782698,0.86694145918163,0.9797785103766682,0.146298828125,0.1294501953125,1.1301553294054634
goose_024,student_gs100,0.07653873352941029,0.14219410996663281,0.7022215599064606,0.07910623730450717,0.042595703125,0.37811962890625,0.11265139355026996
goose_024,student_lisa100,0.7856145897642955,0.8799374672089773,0.9772325877707553,0.8002618838852308,0.30964453125,0.37811962890625,0.818906260290371
goose_024,student_lisa500,0.7077930773262732,0.828897934677656,0.9827703444514488,0.7166863165669967,0.275744140625,0.37811962890625,0.7292510611591849
goose_024,student_gt500,0.9599497488073574,0.9795656744684329,0.980285857650546,0.9788465486983932,0.377564453125,0.37811962890625,0.9985317456730403
goose_025,student_gs100,0.0,0.0,0.0,0.0,0.0,0.0,0.0
goose_025,student_lisa100,0.0,0.0,0.0,0.0,0.076541015625,0.0,0.0
goose_025,student_lisa500,0.0,0.0,0.0,0.0,0.064513671875,0.0,0.0
goose_025,student_gt500,0.0,0.0,0.0,0.0,0.04684375,0.0,0.0
goose_026,student_gs100,0.09097095844707309,0.16677063260522423,0.6662177920924034,0.0953151782504464,0.035171875,0.24583837890625,0.14306909749601274
goose_026,student_lisa100,0.7646786532651348,0.8666491792715593,0.9586784819880563,0.7907411857939886,0.2027734375,0.24583837890625,0.8248241727030232
goose_026,student_lisa500,0.8928858325927593,0.9434122409482445,0.974814215383051,0.9139702508754124,0.230494140625,0.24583837890625,0.9375840405817943
goose_026,student_gt500,0.93153594900157,0.9645546069003688,0.9926040974855193,0.938046822397051,0.232326171875,0.24583837890625,0.9450362181390609
goose_027,student_gs100,0.09454157195915186,0.17275099344089626,0.17242903564943132,0.1730741557943208,0.04087109375,0.04071875,1.0037413660782808
goose_027,student_lisa100,0.2878707669602323,0.4470491517401161,0.4650650494998186,0.43037701458173444,0.037681640625,0.04071875,0.9254125095932464
goose_027,student_lisa500,0.5858151144775349,0.7388189318280504,0.5931326981175924,0.9793745203376822,0.067234375,0.04071875,1.6511895625479662
goose_027,student_gt500,0.6531086002222394,0.7901581301245874,0.887817061497966,0.7118548541826554,0.0326484375,0.04071875,0.8018035303146586
goose_028,student_gs100,0.13117324274888947,0.23192423192423192,0.34466186062478543,0.17476066144473454,0.039826171875,0.078544921875,0.5070496083550913
goose_028,student_lisa100,0.22752959647025317,0.37071138182657565,0.22867774406899838,0.9784097973393012,0.33605859375,0.078544921875,4.278552778813875
goose_028,student_lisa500,0.24207124202528932,0.38978640489344907,0.24312328851419956,0.9824381449707821,0.317392578125,0.078544921875,4.040905134899912
goose_028,student_gt500,0.45980823372641744,0.629957035593197,0.7031039343056747,0.5705955489245307,0.0637421875,0.078544921875,0.81153798333955
goose_029,student_gs100,0.07635528395458806,0.1418774731593356,0.6607393871239808,0.07947094884982264,0.034736328125,0.2888056640625,0.12027578557975498
goose_029,student_lisa100,0.8687738354831545,0.9297795367073307,0.9207482857862836,0.9389897104521924,0.29452734375,0.2888056640625,1.0198115217236936
goose_029,student_lisa500,0.887578815614488,0.9404415945678464,0.9224745191651001,0.9591224635402401,0.300279296875,0.2888056640625,1.0397278663136502
goose_029,student_gt500,0.9179684753262766,0.9572299932303274,0.9655196730672647,0.9490814473670863,0.283888671875,0.2888056640625,0.9829747376892306
goose_030,student_gs100,0.0,0.0,0.0,0.0,0.0,0.08812353515625,0.0
goose_030,student_lisa100,0.38338918285875484,0.5542752359339493,0.3842761179323286,0.9940158579763626,0.227951171875,0.08812353515625,2.586722961928667
goose_030,student_lisa500,0.3491196054832205,0.5175517486578586,0.3503462582152997,0.9900707569385573,0.24903515625,0.08812353515625,2.825977825429279
goose_030,student_gt500,0.6042140350877193,0.7532835667463544,0.6222842977117995,0.9541437413077567,0.135119140625,0.08812353515625,1.5332923308787267
goose_031,student_gs100,0.0,0.0,0.0,0.0,0.0,0.003447265625,0.0
goose_031,student_lisa100,0.010336023237019945,0.020460565592631878,0.010336023237019945,1.0,0.33351953125,0.003447265625,96.74900849858358
goose_031,student_lisa500,0.01309881628260789,0.025858911435059702,0.01309881628260789,1.0,0.263173828125,0.003447265625,76.34277620396601
goose_031,student_gt500,0.2076478986901732,0.34388814639662796,0.210060286360211,0.9475920679886686,0.01555078125,0.003447265625,4.511048158640227
goose_032,student_gs100,0.11252450764676031,0.20228679345639758,0.6875600713991487,0.11858830773359963,0.042673828125,0.24741748046875,0.1724770135244745
goose_032,student_lisa100,0.9648335515459525,0.9821020725005545,0.9810837318124168,0.9831225294102556,0.247931640625,0.24741748046875,1.0020781076392657
goose_032,student_lisa500,0.9715174827355064,0.9855529978740164,0.9871677596147754,0.9839435102060149,0.246609375,0.24741748046875,0.996733838420717
goose_032,student_gt500,0.9782696454417456,0.9890154738974413,0.9977826160310433,0.9804010570127746,0.243107421875,0.24741748046875,0.9825798137399819
goose_033,student_gs100,0.11863331062007203,0.2121040192416801,0.45007090522335147,0.13874506482328994,0.0330546875,0.10722509765625,0.3082737924470735
goose_033,student_lisa100,0.6217284905999789,0.7667479411056812,0.7094203123063577,0.8341552935604767,0.126078125,0.10722509765625,1.1758266278683225
goose_033,student_lisa500,0.6882143699193243,0.8153163273360982,0.7338230150402238,0.9171709996038198,0.134015625,0.10722509765625,1.2498531400702195
goose_033,student_gt500,0.7317908235321581,0.8451261129096395,0.8340280241220291,0.8565235408498295,0.1101171875,0.10722509765625,1.02697213532061
goose_034,student_gs100,0.1332502846426897,0.2351647936002118,0.6695789133595391,0.1426289679694893,0.036271484375,0.1702783203125,0.21301293264129842
goose_034,student_lisa100,0.907374374944342,0.9514381516956466,0.9390164209115281,0.9641929286267312,0.17484375,0.1702783203125,1.0268115734235654
goose_034,student_lisa500,0.9469172748309007,0.9727349868146248,0.9691933684042723,0.9763025836607118,0.17152734375,0.1702783203125,1.007335187681014
goose_034,student_gt500,0.9625918466091301,0.9809394126162799,0.980644236831547,0.9812347661514639,0.170380859375,0.1702783203125,1.0006021850715452
goose_035,student_gs100,0.000946951111808922,0.0018921104874880517,0.8826219512195121,0.0009470703792697908,0.0003203125,0.29851513671875,0.0010730192898117145
goose_035,student_lisa100,0.9278667366671042,0.9625838954731903,0.9539944222032297,0.9713294480002748,0.303939453125,0.29851513671875,1.018170992820912
goose_035,student_lisa500,0.952989216619093,0.9759288054532684,0.968975936639385,0.9829821757756081,0.302830078125,0.29851513671875,1.0144546821098568
goose_035,student_gt500,0.9791021984830127,0.9894407668623655,0.9888257204469711,0.9900565788677357,0.29888671875,0.29851513671875,1.001244767804187
goose_036,student_gs100,0.0,0.0,0.0,0.0,0.03840625,0.00976953125,3.9312275089964017
goose_036,student_lisa100,0.05193488470179822,0.09874163402522901,0.052047319193211004,0.9600659736105558,0.180208984375,0.00976953125,18.446021591363454
goose_036,student_lisa500,0.04722451527170959,0.09018985820716174,0.04737283257425043,0.9378248700519792,0.193404296875,0.00976953125,19.796681327469013
goose_036,student_gt500,0.5355350857485209,0.6975224346468981,0.681047619047619,0.7148140743702519,0.01025390625,0.00976953125,1.049580167932827
goose_037,student_gs100,0.07117217387250631,0.13288652489021324,0.6857804604154969,0.07357137801577895,0.03478515625,0.32424267578125,0.10728123978802769
goose_037,student_lisa100,0.8120433992078395,0.8962736759647543,0.9854875406283857,0.8218715787539775,0.27041015625,0.32424267578125,0.833974601271894
goose_037,student_lisa500,0.8223950172828284,0.9025430924509557,0.991308343845738,0.8283680872947629,0.270947265625,0.32424267578125,0.8356311055358866
goose_037,student_gt500,0.9415107502825923,0.9698743621641578,0.9765288675846487,0.9633099364655319,0.319853515625,0.32424267578125,0.9864633483372461
goose_038,student_gs100,0.0,0.0,0.0,0.0,0.0,0.3701669921875,0.0
goose_038,student_lisa100,0.7891818950783724,0.8821706694542687,0.9296162319789153,0.8393329657486723,0.334216796875,0.3701669921875,0.9028811426430744
goose_038,student_lisa500,0.7660366701480367,0.8675206841359916,0.9555874698489273,0.7943165959198103,0.3076953125,0.3701669921875,0.8312337917588926
goose_038,student_gt500,0.918306851122881,0.9574139305037148,0.9529362569584193,0.9619338822480352,0.373662109375,0.3701669921875,1.0094420012082808
goose_039,student_gs100,0.0,0.0,0.0,0.0,0.0,0.0,0.0
goose_039,student_lisa100,0.0,0.0,0.0,0.0,0.3229609375,0.0,0.0
goose_039,student_lisa500,0.0,0.0,0.0,0.0,0.32433203125,0.0,0.0
goose_039,student_gt500,0.0,0.0,0.0,0.0,0.0,0.0,0.0
goose_040,student_gs100,0.0019883179993372274,0.003968744871811055,0.9424460431654677,0.001988559458180797,0.000814453125,0.3859970703125,0.0021099982037185556
goose_040,student_lisa100,0.9125585469821761,0.9542803784198932,0.9545013895990159,0.9540594695656794,0.385818359375,0.3859970703125,0.9995370147826371
goose_040,student_lisa500,0.9487711265234664,0.973712216494133,0.9671972582634004,0.9803155383404889,0.391232421875,0.3859970703125,1.0135631898922484
goose_040,student_gt500,0.9746905906610551,0.9871831012622224,0.9865059473881012,0.9878611853939548,0.38652734375,0.3859970703125,1.0013737758088959
goose_041,student_gs100,0.0,0.0,0.0,0.0,0.0,0.20151123046875,0.0
goose_041,student_lisa100,0.6187366601872295,0.7644685826978973,0.6660525368837712,0.8970111098995627,0.27138671875,0.20151123046875,1.346757290492979
goose_041,student_lisa500,0.6837016878131684,0.8121411206769964,0.7368314056763905,0.9045978264820267,0.247392578125,0.20151123046875,1.2276863058675294
goose_041,student_gt500,0.8452278014890855,0.9161229857982768,0.9458303230467541,0.8882249603217873,0.18923828125,0.20151123046875,0.9390954579047481
goose_042,student_gs100,0.09035017973728121,0.16572690391824577,0.346921224630203,0.10886666936539421,0.03406640625,0.10855810546875,0.31380803950937136
goose_042,student_lisa100,0.7321075073800382,0.8453372602574928,0.8374768252847179,0.8533466470559131,0.110615234375,0.10855810546875,1.0189495652799705
goose_042,student_lisa500,0.7378080196894148,0.8491248875940596,0.9326128143300034,0.7793565333945045,0.09071875,0.10855810546875,0.8356699816036739
goose_042,student_gt500,0.7856732993167252,0.8799742927414073,0.9767928090084949,0.8006180086089408,0.088978515625,0.10855810546875,0.8196395399569104
goose_043,student_gs100,0.0,0.0,0.0,0.0,0.0,0.191373046875,0.0
goose_043,student_lisa100,0.682878045812673,0.8115597532593714,0.728236362751618,0.9164140718287866,0.24082421875,0.191373046875,1.2584019676882725
goose_043,student_lisa500,0.6614899984249488,0.7962611861064766,0.6780432676783984,0.9644070910259943,0.272197265625,0.191373046875,1.4223385689354275
goose_043,student_gt500,0.7357621468736321,0.8477683975294081,0.8595603738553041,0.8362955818866538,0.186193359375,0.191373046875,0.9729340804017024
goose_044,student_gs100,0.0,0.0,0.0,0.0,0.0,0.2679248046875,0.0
goose_044,student_lisa100,0.8765332521176868,0.9342048707407771,0.9146539079416078,0.9546099032275701,0.27962890625,0.2679248046875,1.0436842776694426
goose_044,student_lisa500,0.8723001805066636,0.9317952212882982,0.9444714850536153,0.9194547210730623,0.260828125,0.2679248046875,0.9735124200397296
goose_044,student_gt500,0.9143496335721032,0.9552587652089046,0.9439738926809825,0.9668167155692442,0.274408203125,0.2679248046875,1.0241985748391682
goose_045,student_gs100,0.0,0.0,0.0,0.0,0.0,0.1484091796875,0.0
goose_045,student_lisa100,0.7858024454976862,0.8800552910864566,0.8824395310680639,0.8776839002178047,0.147609375,0.1484091796875,0.9946108139052845
goose_045,student_lisa500,0.8477818652643077,0.9176211556151846,0.9262990278243379,0.9091043685966401,0.145654296875,0.1484091796875,0.9814372478959802
goose_045,student_gt500,0.8983335331495025,0.9464443602374637,0.9834170462123469,0.9121510024938969,0.137654296875,0.1484091796875,0.927532226543222
goose_046,student_gs100,0.0,0.0,0.0,0.0,0.0,0.13490771484375,0.0
goose_046,student_lisa100,0.7196624316542962,0.8369810474512592,0.7270250509664955,0.9861233264927196,0.182986328125,0.13490771484375,1.356381496320908
goose_046,student_lisa500,0.8072176817312362,0.8933264541302591,0.8246480771351212,0.9744834250844219,0.159419921875,0.13490771484375,1.1816961102605588
goose_046,student_gt500,0.8521616718576268,0.9201806568029784,0.8933396499072963,0.9486845391272245,0.143265625,0.13490771484375,1.0619527961460924
goose_047,student_gs100,0.13573624757703362,0.23902776347345034,0.48426135686180993,0.15867403746605982,0.03276171875,0.099986328125,0.3276619850370168
goose_047,student_lisa100,0.8134582658270725,0.8971348071868361,0.8319379288468922,0.9734192174711387,0.116990234375,0.099986328125,1.170062313206884
goose_047,student_lisa500,0.8661531139276208,0.9282765786615028,0.8987415861867135,0.9598187252163382,0.10678125,0.099986328125,1.0679585099525326
goose_047,student_gt500,0.9189595349157839,0.9577685388307197,0.9397370103015265,0.9765055769343465,0.1038984375,0.099986328125,1.0391264430683882
goose_048,student_gs100,0.14901881153579816,0.25938445922676767,0.321931521641321,0.21718773713765366,0.04341015625,0.064345703125,0.6746395507664289
goose_048,student_lisa100,0.6162981508266473,0.7626045361883819,0.8092508687061388,0.7210426468356351,0.05733203125,0.064345703125,0.8910001517680983
goose_048,student_lisa500,0.683957903923111,0.8123218547562223,0.737537147102526,0.9039839125815754,0.0788671875,0.064345703125,1.225679162240097
goose_048,student_gt500,0.5617389036590578,0.7193762060264213,0.9252899622929693,0.5884276825011383,0.040919921875,0.064345703125,0.6359386856882684
goose_049,student_gs100,0.0,0.0,0.0,0.0,0.0,0.11524462890625,0.0
goose_049,student_lisa100,0.4628620187933196,0.6328170570388089,0.47814533105784307,0.9354040530291796,0.225455078125,0.11524462890625,1.9563174463289286
goose_049,student_lisa500,0.5329195427522643,0.6953000831282241,0.5643240417014355,0.9054490913944098,0.184908203125,0.11524462890625,1.6044843467318588
goose_049,student_gt500,0.2152638767443037,0.35426688946107143,0.3328516090584029,0.3786273255345923,0.13109375,0.11524462890625,1.1375258981192353
goose_050,student_gs100,0.0,0.0,0.0,0.0,0.0,0.42572900390625,0.0
goose_050,student_lisa100,0.9076366138120823,0.9515822953285923,0.9499101681432921,0.9532603197869464,0.42723046875,0.42572900390625,1.0035268089088913
goose_050,student_lisa500,0.8980487220992318,0.9462862693071384,0.9732864223155485,0.9207437151118314,0.40274609375,0.42572900390625,0.9460151647048433
goose_050,student_gt500,0.968396126857931,0.9839443531152863,0.9838253235852604,0.984063411450717,0.42583203125,0.42572900390625,1.0002420021722849
goose_051,student_gs100,0.0,0.0,0.0,0.0,0.0,0.24377880859375,0.0
goose_051,student_lisa100,0.4735812696383067,0.6427623360801106,0.6603203237881182,0.626113900800987,0.231150390625,0.24377880859375,0.9481972282923292
goose_051,student_lisa500,0.49164816817500523,0.6592012495500525,0.9030786494925839,0.519035210181489,0.140109375,0.24377880859375,0.5747397643307381
goose_051,student_gt500,0.9347775146164289,0.9662894131801498,0.965762578930941,0.9668168225309909,0.244044921875,0.24377880859375,1.0010916177775462
goose_052,student_gs100,0.0,0.0,0.0,0.0,0.0,0.1476982421875,0.0
goose_052,student_lisa100,0.8834681580111129,0.938129114902616,0.9075347969047443,0.9708581554187632,0.15800390625,0.1476982421875,1.0697751300886653
goose_052,student_lisa500,0.8260778631794178,0.9047564507913353,0.8313512944643233,0.992379812619427,0.176306640625,0.1476982421875,1.1936949148059746
goose_052,student_gt500,0.9539888079125456,0.9764526839144957,0.9836493431558042,0.969360565447657,0.145552734375,0.1476982421875,0.9854737078740834
goose_053,student_gs100,0.0931409992091228,0.17040985431249844,0.1627799829883754,0.1787901593398038,0.04133203125,0.037630859375,1.0983546997456792
goose_053,student_lisa100,0.14927473560282056,0.2597720649006046,0.15604161876293401,0.7748871126797114,0.18687109375,0.037630859375,4.965900243940416
goose_053,student_lisa500,0.3313316006196115,0.4977446647633202,0.3323511490250696,0.9908262832822962,0.1121875,0.037630859375,2.9812632999429076
goose_053,student_gt500,0.26633760945478435,0.4206423428732481,0.2792476739637019,0.8520916593138527,0.114826171875,0.037630859375,3.0513831940623866
goose_054,student_gs100,0.015949292824789615,0.031397812740129,0.42455919395465996,0.0163016933579425,0.011630859375,0.30291259765625,0.03839675030022648
goose_054,student_lisa100,0.7985992488855295,0.8880235543080177,0.912131893082445,0.8651568028499351,0.2873125,0.30291259765625,0.9484996735792639
goose_054,student_lisa500,0.8200984131118263,0.9011583189171647,0.955440483759103,0.8527125160187954,0.27034375,0.30291259765625,0.8924810393881021
goose_054,student_gt500,0.9181695559565017,0.9573393062206677,0.9797054694670914,0.9359715651269817,0.289390625,0.30291259765625,0.9553601508789181
goose_055,student_gs100,0.0,0.0,0.0,0.0,0.0,0.08652783203125,0.0
goose_055,student_lisa100,0.5435770317490022,0.7043082665373478,0.5436153893354605,0.9998702097523263,0.159150390625,0.08652783203125,1.8392971011630335
goose_055,student_lisa500,0.535318390956914,0.6973386030024268,0.5411604172118584,0.9802323809738783,0.156732421875,0.08652783203125,1.8113526965334716
goose_055,student_gt500,0.7418028264652209,0.8517644077666591,0.7494940226060408,0.9863550948315266,0.113873046875,0.08652783203125,1.3160279669768464
goose_056,student_gs100,0.1739735389324723,0.29638408901562024,1.0,0.1739735389324723,0.041515625,0.2386318359375,0.1739735389324723
goose_056,student_lisa100,0.7277585542662647,0.8424308506176956,0.8422327118630202,0.8426290826202432,0.238744140625,0.2386318359375,1.0004706190482036
goose_056,student_lisa500,0.7967179095755466,0.8868592062554347,0.9653757225433526,0.8201539538138558,0.202734375,0.2386318359375,0.8495696904963598
goose_056,student_gt500,0.8425778583806558,0.9145641846810781,0.9560901899864296,0.8764952385629341,0.218765625,0.2386318359375,0.916749536542546
